geoid,name,B01003001,"B01003001, Error"
04000US08,Colorado,5684926,0
14000US08001007801,"Census Tract 78.01, Adams, CO",4274,647
14000US08001007802,"Census Tract 78.02, Adams, CO",4491,767
14000US08001007900,"Census Tract 79, Adams, CO",5561,694
14000US08001008000,"Census Tract 80, Adams, CO",5713,992
14000US08001008100,"Census Tract 81, Adams, CO",1440,193
14000US08001008200,"Census Tract 82, Adams, CO",6779,1030
14000US08001008308,"Census Tract 83.08, Adams, CO",5837,855
14000US08001008309,"Census Tract 83.09, Adams, CO",4113,639
14000US08001008401,"Census Tract 84.01, Adams, CO",5326,458
14000US08001008402,"Census Tract 84.02, Adams, CO",4904,712
14000US08001008505,"Census Tract 85.05, Adams, CO",7373,784
14000US08001008506,"Census Tract 85.06, Adams, CO",6581,887
14000US08001008507,"Census Tract 85.07, Adams, CO",6632,1108
14000US08001008508,"Census Tract 85.08, Adams, CO",5831,882
14000US08001008524,"Census Tract 85.24, Adams, CO",9726,967
14000US08001008526,"Census Tract 85.26, Adams, CO",7227,882
14000US08001008533,"Census Tract 85.33, Adams, CO",8532,1020
14000US08001008534,"Census Tract 85.34, Adams, CO",4851,635
14000US08001008535,"Census Tract 85.35, Adams, CO",4008,592
14000US08001008536,"Census Tract 85.36, Adams, CO",3716,462
14000US08001008538,"Census Tract 85.38, Adams, CO",8344,912
14000US08001008540,"Census Tract 85.40, Adams, CO",8996,1312
14000US08001008544,"Census Tract 85.44, Adams, CO",6086,718
14000US08001008545,"Census Tract 85.45, Adams, CO",7186,784
14000US08001008546,"Census Tract 85.46, Adams, CO",4327,716
14000US08001008547,"Census Tract 85.47, Adams, CO",3108,522
14000US08001008548,"Census Tract 85.48, Adams, CO",1737,247
14000US08001008549,"Census Tract 85.49, Adams, CO",3905,748
14000US08001008550,"Census Tract 85.50, Adams, CO",8258,1176
14000US08001008551,"Census Tract 85.51, Adams, CO",1697,272
14000US08001008603,"Census Tract 86.03, Adams, CO",1875,357
14000US08001008604,"Census Tract 86.04, Adams, CO",5399,793
14000US08001008605,"Census Tract 86.05, Adams, CO",4040,740
14000US08001008606,"Census Tract 86.06, Adams, CO",5762,799
14000US08001008705,"Census Tract 87.05, Adams, CO",5358,846
14000US08001008706,"Census Tract 87.06, Adams, CO",5625,905
14000US08001008709,"Census Tract 87.09, Adams, CO",7695,1072
14000US08001008801,"Census Tract 88.01, Adams, CO",4977,715
14000US08001008802,"Census Tract 88.02, Adams, CO",5434,968
14000US08001008901,"Census Tract 89.01, Adams, CO",2741,480
14000US08001009001,"Census Tract 90.01, Adams, CO",4566,689
14000US08001009101,"Census Tract 91.01, Adams, CO",5052,718
14000US08001009103,"Census Tract 91.03, Adams, CO",4705,852
14000US08001009104,"Census Tract 91.04, Adams, CO",6356,1262
14000US08001009202,"Census Tract 92.02, Adams, CO",4648,734
14000US08001009203,"Census Tract 92.03, Adams, CO",5677,968
14000US08001009204,"Census Tract 92.04, Adams, CO",6929,899
14000US08001009206,"Census Tract 92.06, Adams, CO",2594,338
14000US08001009207,"Census Tract 92.07, Adams, CO",5117,927
14000US08001009304,"Census Tract 93.04, Adams, CO",5715,725
14000US08001009306,"Census Tract 93.06, Adams, CO",3120,424
14000US08001009307,"Census Tract 93.07, Adams, CO",3217,641
14000US08001009308,"Census Tract 93.08, Adams, CO",4869,705
14000US08001009309,"Census Tract 93.09, Adams, CO",4230,619
14000US08001009310,"Census Tract 93.10, Adams, CO",6703,1457
14000US08001009316,"Census Tract 93.16, Adams, CO",7689,1311
14000US08001009318,"Census Tract 93.18, Adams, CO",6892,1025
14000US08001009319,"Census Tract 93.19, Adams, CO",2771,550
14000US08001009320,"Census Tract 93.20, Adams, CO",2823,581
14000US08001009321,"Census Tract 93.21, Adams, CO",4152,666
14000US08001009322,"Census Tract 93.22, Adams, CO",5717,1160
14000US08001009323,"Census Tract 93.23, Adams, CO",3952,457
14000US08001009325,"Census Tract 93.25, Adams, CO",5382,676
14000US08001009326,"Census Tract 93.26, Adams, CO",2936,464
14000US08001009327,"Census Tract 93.27, Adams, CO",4662,635
14000US08001009401,"Census Tract 94.01, Adams, CO",5218,654
14000US08001009406,"Census Tract 94.06, Adams, CO",4781,615
14000US08001009407,"Census Tract 94.07, Adams, CO",5173,956
14000US08001009408,"Census Tract 94.08, Adams, CO",4867,483
14000US08001009409,"Census Tract 94.09, Adams, CO",5407,899
14000US08001009410,"Census Tract 94.10, Adams, CO",3176,350
14000US08001009411,"Census Tract 94.11, Adams, CO",3083,353
14000US08001009501,"Census Tract 95.01, Adams, CO",3173,659
14000US08001009502,"Census Tract 95.02, Adams, CO",5008,895
14000US08001009553,"Census Tract 95.53, Adams, CO",3655,505
14000US08001009603,"Census Tract 96.03, Adams, CO",6373,814
14000US08001009604,"Census Tract 96.04, Adams, CO",4146,436
14000US08001009606,"Census Tract 96.06, Adams, CO",2706,597
14000US08001009607,"Census Tract 96.07, Adams, CO",4554,563
14000US08001009608,"Census Tract 96.08, Adams, CO",3135,24
14000US08001009751,"Census Tract 97.51, Adams, CO",4031,701
14000US08001009752,"Census Tract 97.52, Adams, CO",3161,602
14000US08001015000,"Census Tract 150, Adams, CO",3031,468
14000US08001060100,"Census Tract 601, Adams, CO",7549,703
14000US08001060200,"Census Tract 602, Adams, CO",4680,502
14000US08001061200,"Census Tract 612, Adams, CO",3039,365
14000US08001988700,"Census Tract 9887, Adams, CO",0,12
14000US08003960000,"Census Tract 9600, Alamosa, CO",2142,336
14000US08003960100,"Census Tract 9601, Alamosa, CO",2700,306
14000US08003960300,"Census Tract 9603, Alamosa, CO",5354,526
14000US08005004951,"Census Tract 49.51, Arapahoe, CO",1674,383
14000US08005004952,"Census Tract 49.52, Arapahoe, CO",3512,381
14000US08005005551,"Census Tract 55.51, Arapahoe, CO",2940,517
14000US08005005552,"Census Tract 55.52, Arapahoe, CO",2492,364
14000US08005005553,"Census Tract 55.53, Arapahoe, CO",4517,685
14000US08005005611,"Census Tract 56.11, Arapahoe, CO",5370,631
14000US08005005612,"Census Tract 56.12, Arapahoe, CO",3472,400
14000US08005005614,"Census Tract 56.14, Arapahoe, CO",3236,352
14000US08005005619,"Census Tract 56.19, Arapahoe, CO",5188,856
14000US08005005620,"Census Tract 56.20, Arapahoe, CO",2835,444
14000US08005005621,"Census Tract 56.21, Arapahoe, CO",2551,260
14000US08005005622,"Census Tract 56.22, Arapahoe, CO",2768,310
14000US08005005623,"Census Tract 56.23, Arapahoe, CO",3911,332
14000US08005005624,"Census Tract 56.24, Arapahoe, CO",2355,283
14000US08005005625,"Census Tract 56.25, Arapahoe, CO",3968,443
14000US08005005626,"Census Tract 56.26, Arapahoe, CO",3889,591
14000US08005005627,"Census Tract 56.27, Arapahoe, CO",4702,358
14000US08005005628,"Census Tract 56.28, Arapahoe, CO",5961,709
14000US08005005629,"Census Tract 56.29, Arapahoe, CO",2722,409
14000US08005005630,"Census Tract 56.30, Arapahoe, CO",5331,518
14000US08005005631,"Census Tract 56.31, Arapahoe, CO",3440,473
14000US08005005632,"Census Tract 56.32, Arapahoe, CO",3062,271
14000US08005005633,"Census Tract 56.33, Arapahoe, CO",3742,892
14000US08005005634,"Census Tract 56.34, Arapahoe, CO",2853,261
14000US08005005635,"Census Tract 56.35, Arapahoe, CO",4742,386
14000US08005005636,"Census Tract 56.36, Arapahoe, CO",1714,236
14000US08005005800,"Census Tract 58, Arapahoe, CO",2794,447
14000US08005005951,"Census Tract 59.51, Arapahoe, CO",4686,573
14000US08005005952,"Census Tract 59.52, Arapahoe, CO",3917,446
14000US08005006000,"Census Tract 60, Arapahoe, CO",2674,344
14000US08005006100,"Census Tract 61, Arapahoe, CO",3497,526
14000US08005006200,"Census Tract 62, Arapahoe, CO",3591,493
14000US08005006300,"Census Tract 63, Arapahoe, CO",2673,361
14000US08005006400,"Census Tract 64, Arapahoe, CO",3154,448
14000US08005006501,"Census Tract 65.01, Arapahoe, CO",2282,370
14000US08005006502,"Census Tract 65.02, Arapahoe, CO",3370,389
14000US08005006601,"Census Tract 66.01, Arapahoe, CO",5627,771
14000US08005006603,"Census Tract 66.03, Arapahoe, CO",2818,223
14000US08005006604,"Census Tract 66.04, Arapahoe, CO",4385,736
14000US08005006704,"Census Tract 67.04, Arapahoe, CO",4542,243
14000US08005006705,"Census Tract 67.05, Arapahoe, CO",2138,243
14000US08005006706,"Census Tract 67.06, Arapahoe, CO",5774,642
14000US08005006707,"Census Tract 67.07, Arapahoe, CO",5058,387
14000US08005006708,"Census Tract 67.08, Arapahoe, CO",5073,558
14000US08005006709,"Census Tract 67.09, Arapahoe, CO",5243,687
14000US08005006711,"Census Tract 67.11, Arapahoe, CO",4282,686
14000US08005006712,"Census Tract 67.12, Arapahoe, CO",1202,237
14000US08005006713,"Census Tract 67.13, Arapahoe, CO",1795,264
14000US08005006808,"Census Tract 68.08, Arapahoe, CO",5530,521
14000US08005006815,"Census Tract 68.15, Arapahoe, CO",4810,555
14000US08005006854,"Census Tract 68.54, Arapahoe, CO",2903,288
14000US08005006857,"Census Tract 68.57, Arapahoe, CO",2134,244
14000US08005007101,"Census Tract 71.01, Arapahoe, CO",6005,882
14000US08005007103,"Census Tract 71.03, Arapahoe, CO",1617,220
14000US08005007106,"Census Tract 71.06, Arapahoe, CO",6513,1083
14000US08005007201,"Census Tract 72.01, Arapahoe, CO",3752,549
14000US08005007202,"Census Tract 72.02, Arapahoe, CO",4525,940
14000US08005007301,"Census Tract 73.01, Arapahoe, CO",2523,349
14000US08005007302,"Census Tract 73.02, Arapahoe, CO",5260,749
14000US08005007400,"Census Tract 74, Arapahoe, CO",5362,658
14000US08005007500,"Census Tract 75, Arapahoe, CO",2626,436
14000US08005007600,"Census Tract 76, Arapahoe, CO",3578,597
14000US08005007702,"Census Tract 77.02, Arapahoe, CO",3832,414
14000US08005007703,"Census Tract 77.03, Arapahoe, CO",5241,1000
14000US08005007704,"Census Tract 77.04, Arapahoe, CO",5527,735
14000US08005015100,"Census Tract 151, Arapahoe, CO",2815,353
14000US08005080000,"Census Tract 800, Arapahoe, CO",4249,595
14000US08005080100,"Census Tract 801, Arapahoe, CO",4168,660
14000US08005080200,"Census Tract 802, Arapahoe, CO",6742,731
14000US08005080300,"Census Tract 803, Arapahoe, CO",6001,808
14000US08005080400,"Census Tract 804, Arapahoe, CO",4957,560
14000US08005080500,"Census Tract 805, Arapahoe, CO",3717,597
14000US08005080600,"Census Tract 806, Arapahoe, CO",3510,656
14000US08005080700,"Census Tract 807, Arapahoe, CO",5878,865
14000US08005080800,"Census Tract 808, Arapahoe, CO",3641,448
14000US08005080900,"Census Tract 809, Arapahoe, CO",4961,915
14000US08005081200,"Census Tract 812, Arapahoe, CO",5188,851
14000US08005081300,"Census Tract 813, Arapahoe, CO",3066,493
14000US08005081400,"Census Tract 814, Arapahoe, CO",4255,521
14000US08005081500,"Census Tract 815, Arapahoe, CO",2915,274
14000US08005081600,"Census Tract 816, Arapahoe, CO",5184,822
14000US08005081700,"Census Tract 817, Arapahoe, CO",2964,300
14000US08005081800,"Census Tract 818, Arapahoe, CO",5419,682
14000US08005081900,"Census Tract 819, Arapahoe, CO",6768,1153
14000US08005082000,"Census Tract 820, Arapahoe, CO",4984,826
14000US08005082100,"Census Tract 821, Arapahoe, CO",7071,1050
14000US08005082200,"Census Tract 822, Arapahoe, CO",6605,1074
14000US08005082300,"Census Tract 823, Arapahoe, CO",4474,904
14000US08005082400,"Census Tract 824, Arapahoe, CO",4462,879
14000US08005082500,"Census Tract 825, Arapahoe, CO",2374,294
14000US08005082600,"Census Tract 826, Arapahoe, CO",5421,897
14000US08005082700,"Census Tract 827, Arapahoe, CO",3653,484
14000US08005082800,"Census Tract 828, Arapahoe, CO",5379,1046
14000US08005082900,"Census Tract 829, Arapahoe, CO",5099,727
14000US08005083000,"Census Tract 830, Arapahoe, CO",3773,541
14000US08005083100,"Census Tract 831, Arapahoe, CO",7254,843
14000US08005083300,"Census Tract 833, Arapahoe, CO",4588,469
14000US08005083400,"Census Tract 834, Arapahoe, CO",7067,1057
14000US08005083500,"Census Tract 835, Arapahoe, CO",6562,842
14000US08005083600,"Census Tract 836, Arapahoe, CO",3866,543
14000US08005083700,"Census Tract 837, Arapahoe, CO",3883,528
14000US08005083800,"Census Tract 838, Arapahoe, CO",2974,502
14000US08005083900,"Census Tract 839, Arapahoe, CO",3105,401
14000US08005084000,"Census Tract 840, Arapahoe, CO",2836,399
14000US08005084100,"Census Tract 841, Arapahoe, CO",4179,434
14000US08005084200,"Census Tract 842, Arapahoe, CO",4076,594
14000US08005084300,"Census Tract 843, Arapahoe, CO",3954,602
14000US08005084400,"Census Tract 844, Arapahoe, CO",3395,542
14000US08005084500,"Census Tract 845, Arapahoe, CO",2796,464
14000US08005084600,"Census Tract 846, Arapahoe, CO",5505,520
14000US08005084700,"Census Tract 847, Arapahoe, CO",4415,486
14000US08005084800,"Census Tract 848, Arapahoe, CO",3578,555
14000US08005084900,"Census Tract 849, Arapahoe, CO",3352,377
14000US08005085000,"Census Tract 850, Arapahoe, CO",2517,307
14000US08005085100,"Census Tract 851, Arapahoe, CO",6586,747
14000US08005085200,"Census Tract 852, Arapahoe, CO",3204,370
14000US08005085300,"Census Tract 853, Arapahoe, CO",2457,278
14000US08005085400,"Census Tract 854, Arapahoe, CO",5129,972
14000US08005085500,"Census Tract 855, Arapahoe, CO",5584,498
14000US08005085600,"Census Tract 856, Arapahoe, CO",3454,459
14000US08005085700,"Census Tract 857, Arapahoe, CO",4816,916
14000US08005085800,"Census Tract 858, Arapahoe, CO",1755,219
14000US08005085900,"Census Tract 859, Arapahoe, CO",6796,684
14000US08005086100,"Census Tract 861, Arapahoe, CO",4708,554
14000US08005086200,"Census Tract 862, Arapahoe, CO",6705,667
14000US08005086300,"Census Tract 863, Arapahoe, CO",4633,530
14000US08005086400,"Census Tract 864, Arapahoe, CO",1967,248
14000US08005086500,"Census Tract 865, Arapahoe, CO",5178,618
14000US08005086600,"Census Tract 866, Arapahoe, CO",6045,627
14000US08005086700,"Census Tract 867, Arapahoe, CO",6120,804
14000US08005086900,"Census Tract 869, Arapahoe, CO",3069,480
14000US08005087000,"Census Tract 870, Arapahoe, CO",5161,897
14000US08005087100,"Census Tract 871, Arapahoe, CO",2674,333
14000US08005087200,"Census Tract 872, Arapahoe, CO",3907,748
14000US08007940400,"Census Tract 9404, Archuleta, CO",1518,313
14000US08007974300,"Census Tract 9743, Archuleta, CO",3631,497
14000US08007974400,"Census Tract 9744, Archuleta, CO",2599,350
14000US08009964600,"Census Tract 9646, Baca, CO",1610,140
14000US08009964700,"Census Tract 9647, Baca, CO",1960,140
14000US08013012101,"Census Tract 121.01, Boulder, CO",4929,637
14000US08013012103,"Census Tract 121.03, Boulder, CO",3866,360
14000US08013012104,"Census Tract 121.04, Boulder, CO",2368,269
14000US08013012105,"Census Tract 121.05, Boulder, CO",6066,746
14000US08013012201,"Census Tract 122.01, Boulder, CO",3946,594
14000US08013012204,"Census Tract 122.04, Boulder, CO",4358,669
14000US08013012300,"Census Tract 123, Boulder, CO",6733,458
14000US08013012401,"Census Tract 124.01, Boulder, CO",5852,902
14000US08013012501,"Census Tract 125.01, Boulder, CO",2741,483
14000US08013012505,"Census Tract 125.05, Boulder, CO",4188,435
14000US08013012507,"Census Tract 125.07, Boulder, CO",4322,436
14000US08013012508,"Census Tract 125.08, Boulder, CO",2759,289
14000US08013012509,"Census Tract 125.09, Boulder, CO",3576,441
14000US08013012510,"Census Tract 125.10, Boulder, CO",4003,389
14000US08013012511,"Census Tract 125.11, Boulder, CO",6615,591
14000US08013012603,"Census Tract 126.03, Boulder, CO",3470,466
14000US08013012605,"Census Tract 126.05, Boulder, CO",1831,393
14000US08013012608,"Census Tract 126.08, Boulder, CO",2594,293
14000US08013012701,"Census Tract 127.01, Boulder, CO",5990,577
14000US08013012705,"Census Tract 127.05, Boulder, CO",5499,841
14000US08013012707,"Census Tract 127.07, Boulder, CO",2543,430
14000US08013012708,"Census Tract 127.08, Boulder, CO",4581,429
14000US08013012709,"Census Tract 127.09, Boulder, CO",2098,383
14000US08013012710,"Census Tract 127.10, Boulder, CO",3544,263
14000US08013012903,"Census Tract 129.03, Boulder, CO",2482,341
14000US08013012904,"Census Tract 129.04, Boulder, CO",5748,560
14000US08013012905,"Census Tract 129.05, Boulder, CO",2691,353
14000US08013012907,"Census Tract 129.07, Boulder, CO",3272,362
14000US08013013003,"Census Tract 130.03, Boulder, CO",7149,584
14000US08013013004,"Census Tract 130.04, Boulder, CO",3086,365
14000US08013013005,"Census Tract 130.05, Boulder, CO",2660,249
14000US08013013006,"Census Tract 130.06, Boulder, CO",5754,639
14000US08013013201,"Census Tract 132.01, Boulder, CO",1919,210
14000US08013013202,"Census Tract 132.02, Boulder, CO",1510,246
14000US08013013205,"Census Tract 132.05, Boulder, CO",5102,556
14000US08013013207,"Census Tract 132.07, Boulder, CO",4197,416
14000US08013013208,"Census Tract 132.08, Boulder, CO",6386,641
14000US08013013210,"Census Tract 132.10, Boulder, CO",5911,847
14000US08013013211,"Census Tract 132.11, Boulder, CO",6517,1169
14000US08013013212,"Census Tract 132.12, Boulder, CO",4907,575
14000US08013013302,"Census Tract 133.02, Boulder, CO",4995,524
14000US08013013305,"Census Tract 133.05, Boulder, CO",5747,840
14000US08013013306,"Census Tract 133.06, Boulder, CO",4839,706
14000US08013013307,"Census Tract 133.07, Boulder, CO",4014,419
14000US08013013308,"Census Tract 133.08, Boulder, CO",3516,495
14000US08013013401,"Census Tract 134.01, Boulder, CO",3102,403
14000US08013013402,"Census Tract 134.02, Boulder, CO",7806,986
14000US08013013503,"Census Tract 135.03, Boulder, CO",4989,614
14000US08013013505,"Census Tract 135.05, Boulder, CO",4686,1179
14000US08013013506,"Census Tract 135.06, Boulder, CO",4413,389
14000US08013013507,"Census Tract 135.07, Boulder, CO",3464,360
14000US08013013508,"Census Tract 135.08, Boulder, CO",7234,613
14000US08013013601,"Census Tract 136.01, Boulder, CO",4137,383
14000US08013013602,"Census Tract 136.02, Boulder, CO",1049,310
14000US08013060700,"Census Tract 607, Boulder, CO",2895,342
14000US08013060900,"Census Tract 609, Boulder, CO",4856,558
14000US08013061300,"Census Tract 613, Boulder, CO",3375,419
14000US08013061400,"Census Tract 614, Boulder, CO",4037,460
14000US08014030000,"Census Tract 300, Broomfield, CO",3625,435
14000US08014030100,"Census Tract 301, Broomfield, CO",2568,443
14000US08014030200,"Census Tract 302, Broomfield, CO",1992,255
14000US08014030300,"Census Tract 303, Broomfield, CO",4150,464
14000US08014030400,"Census Tract 304, Broomfield, CO",4084,475
14000US08014030500,"Census Tract 305, Broomfield, CO",5603,525
14000US08014030600,"Census Tract 306, Broomfield, CO",6117,675
14000US08014030700,"Census Tract 307, Broomfield, CO",3106,384
14000US08014030800,"Census Tract 308, Broomfield, CO",5938,536
14000US08014030900,"Census Tract 309, Broomfield, CO",5574,576
14000US08014031000,"Census Tract 310, Broomfield, CO",5753,547
14000US08014031300,"Census Tract 313, Broomfield, CO",2626,346
14000US08014980100,"Census Tract 9801, Broomfield, CO",0,12
14000US08014980200,"Census Tract 9802, Broomfield, CO",0,12
14000US08014980300,"Census Tract 9803, Broomfield, CO",0,12
14000US08015000100,"Census Tract 1, Chaffee, CO",2581,358
14000US08015000200,"Census Tract 2, Chaffee, CO",4498,402
14000US08015000300,"Census Tract 3, Chaffee, CO",3269,465
14000US08015000402,"Census Tract 4.02, Chaffee, CO",5162,511
14000US08017960600,"Census Tract 9606, Cheyenne, CO",1999,215
14000US08019014800,"Census Tract 148, Clear Creek, CO",1725,296
14000US08019014900,"Census Tract 149, Clear Creek, CO",2658,288
14000US08021974800,"Census Tract 9748, Conejos, CO",3812,297
14000US08021974900,"Census Tract 9749, Conejos, CO",4318,297
14000US08023972600,"Census Tract 9726, Costilla, CO",2156,219
14000US08023972700,"Census Tract 9727, Costilla, CO",1654,219
14000US08029964600,"Census Tract 9646, Delta, CO",3970,478
14000US08029964700,"Census Tract 9647, Delta, CO",4020,244
14000US08029964800,"Census Tract 9648, Delta, CO",4018,456
14000US08029964900,"Census Tract 9649, Delta, CO",5764,520
14000US08029965100,"Census Tract 9651, Delta, CO",3671,471
14000US08031000102,"Census Tract 1.02, Denver, CO",3667,512
14000US08031000201,"Census Tract 2.01, Denver, CO",3381,505
14000US08031000202,"Census Tract 2.02, Denver, CO",4380,784
14000US08031000301,"Census Tract 3.01, Denver, CO",5403,560
14000US08031000302,"Census Tract 3.02, Denver, CO",4863,828
14000US08031000303,"Census Tract 3.03, Denver, CO",5071,899
14000US08031000401,"Census Tract 4.01, Denver, CO",3754,736
14000US08031000501,"Census Tract 5.01, Denver, CO",2154,204
14000US08031000600,"Census Tract 6, Denver, CO",3435,560
14000US08031000800,"Census Tract 8, Denver, CO",1414,355
14000US08031000902,"Census Tract 9.02, Denver, CO",6034,679
14000US08031000903,"Census Tract 9.03, Denver, CO",6547,961
14000US08031000904,"Census Tract 9.04, Denver, CO",5418,861
14000US08031000905,"Census Tract 9.05, Denver, CO",4225,531
14000US08031001000,"Census Tract 10, Denver, CO",4931,832
14000US08031001101,"Census Tract 11.01, Denver, CO",2481,344
14000US08031001102,"Census Tract 11.02, Denver, CO",4818,640
14000US08031001301,"Census Tract 13.01, Denver, CO",5570,1077
14000US08031001302,"Census Tract 13.02, Denver, CO",4015,652
14000US08031001401,"Census Tract 14.01, Denver, CO",5498,571
14000US08031001402,"Census Tract 14.02, Denver, CO",4802,1073
14000US08031001403,"Census Tract 14.03, Denver, CO",3409,582
14000US08031001500,"Census Tract 15, Denver, CO",4458,667
14000US08031001800,"Census Tract 18, Denver, CO",3332,405
14000US08031001901,"Census Tract 19.01, Denver, CO",3503,627
14000US08031002000,"Census Tract 20, Denver, CO",2510,359
14000US08031002300,"Census Tract 23, Denver, CO",5379,682
14000US08031002402,"Census Tract 24.02, Denver, CO",2043,318
14000US08031002602,"Census Tract 26.02, Denver, CO",3045,486
14000US08031002801,"Census Tract 28.01, Denver, CO",2952,355
14000US08031002802,"Census Tract 28.02, Denver, CO",4488,863
14000US08031002901,"Census Tract 29.01, Denver, CO",3412,375
14000US08031002902,"Census Tract 29.02, Denver, CO",4233,480
14000US08031003002,"Census Tract 30.02, Denver, CO",3021,405
14000US08031003003,"Census Tract 30.03, Denver, CO",3224,459
14000US08031003004,"Census Tract 30.04, Denver, CO",6783,886
14000US08031003101,"Census Tract 31.01, Denver, CO",1773,297
14000US08031003102,"Census Tract 31.02, Denver, CO",3426,425
14000US08031003202,"Census Tract 32.02, Denver, CO",3386,378
14000US08031003203,"Census Tract 32.03, Denver, CO",3172,510
14000US08031003300,"Census Tract 33, Denver, CO",3176,462
14000US08031003401,"Census Tract 34.01, Denver, CO",2563,248
14000US08031003402,"Census Tract 34.02, Denver, CO",4997,670
14000US08031003601,"Census Tract 36.01, Denver, CO",4888,731
14000US08031003602,"Census Tract 36.02, Denver, CO",4755,590
14000US08031003603,"Census Tract 36.03, Denver, CO",3500,464
14000US08031003701,"Census Tract 37.01, Denver, CO",3359,364
14000US08031003702,"Census Tract 37.02, Denver, CO",5199,799
14000US08031003703,"Census Tract 37.03, Denver, CO",3050,373
14000US08031003901,"Census Tract 39.01, Denver, CO",4218,668
14000US08031003902,"Census Tract 39.02, Denver, CO",4181,364
14000US08031004002,"Census Tract 40.02, Denver, CO",3509,353
14000US08031004003,"Census Tract 40.03, Denver, CO",4856,1444
14000US08031004004,"Census Tract 40.04, Denver, CO",1911,179
14000US08031004005,"Census Tract 40.05, Denver, CO",3248,449
14000US08031004006,"Census Tract 40.06, Denver, CO",4887,599
14000US08031004101,"Census Tract 41.01, Denver, CO",4600,554
14000US08031004102,"Census Tract 41.02, Denver, CO",5276,874
14000US08031004103,"Census Tract 41.03, Denver, CO",6526,1278
14000US08031004104,"Census Tract 41.04, Denver, CO",5174,611
14000US08031004201,"Census Tract 42.01, Denver, CO",4844,489
14000US08031004202,"Census Tract 42.02, Denver, CO",4649,552
14000US08031004302,"Census Tract 43.02, Denver, CO",3023,687
14000US08031004303,"Census Tract 43.03, Denver, CO",4003,411
14000US08031004306,"Census Tract 43.06, Denver, CO",4792,449
14000US08031004403,"Census Tract 44.03, Denver, CO",4397,581
14000US08031004404,"Census Tract 44.04, Denver, CO",6045,592
14000US08031004503,"Census Tract 45.03, Denver, CO",5096,1078
14000US08031004504,"Census Tract 45.04, Denver, CO",4535,664
14000US08031004505,"Census Tract 45.05, Denver, CO",5088,785
14000US08031004506,"Census Tract 45.06, Denver, CO",3685,412
14000US08031004601,"Census Tract 46.01, Denver, CO",6885,1051
14000US08031004602,"Census Tract 46.02, Denver, CO",7185,910
14000US08031004603,"Census Tract 46.03, Denver, CO",6037,720
14000US08031004700,"Census Tract 47, Denver, CO",7424,1018
14000US08031004801,"Census Tract 48.01, Denver, CO",3825,578
14000US08031005001,"Census Tract 50.01, Denver, CO",2649,279
14000US08031005102,"Census Tract 51.02, Denver, CO",3738,456
14000US08031005104,"Census Tract 51.04, Denver, CO",3929,574
14000US08031005200,"Census Tract 52, Denver, CO",3643,533
14000US08031005300,"Census Tract 53, Denver, CO",1718,296
14000US08031005502,"Census Tract 55.02, Denver, CO",2052,308
14000US08031005503,"Census Tract 55.03, Denver, CO",5279,750
14000US08031006701,"Census Tract 67.01, Denver, CO",4141,431
14000US08031006804,"Census Tract 68.04, Denver, CO",3068,289
14000US08031006810,"Census Tract 68.10, Denver, CO",6315,867
14000US08031006812,"Census Tract 68.12, Denver, CO",4185,702
14000US08031006813,"Census Tract 68.13, Denver, CO",4433,904
14000US08031006814,"Census Tract 68.14, Denver, CO",4970,755
14000US08031007006,"Census Tract 70.06, Denver, CO",4250,776
14000US08031007013,"Census Tract 70.13, Denver, CO",4333,810
14000US08031007037,"Census Tract 70.37, Denver, CO",4643,1030
14000US08031007088,"Census Tract 70.88, Denver, CO",5230,804
14000US08031008304,"Census Tract 83.04, Denver, CO",4098,934
14000US08031008305,"Census Tract 83.05, Denver, CO",5741,1210
14000US08031008306,"Census Tract 83.06, Denver, CO",7097,1056
14000US08031008312,"Census Tract 83.12, Denver, CO",7484,874
14000US08031008386,"Census Tract 83.86, Denver, CO",4873,587
14000US08031008387,"Census Tract 83.87, Denver, CO",7329,1005
14000US08031008388,"Census Tract 83.88, Denver, CO",11421,1525
14000US08031008389,"Census Tract 83.89, Denver, CO",14014,2377
14000US08031008390,"Census Tract 83.90, Denver, CO",9402,1182
14000US08031008391,"Census Tract 83.91, Denver, CO",7305,960
14000US08031011902,"Census Tract 119.02, Denver, CO",6144,1116
14000US08031011903,"Census Tract 119.03, Denver, CO",2600,316
14000US08031012001,"Census Tract 120.01, Denver, CO",2123,332
14000US08031012010,"Census Tract 120.10, Denver, CO",5505,748
14000US08031015300,"Census Tract 153, Denver, CO",3973,622
14000US08031015400,"Census Tract 154, Denver, CO",5399,745
14000US08031015500,"Census Tract 155, Denver, CO",3421,401
14000US08031015600,"Census Tract 156, Denver, CO",8737,1353
14000US08031015700,"Census Tract 157, Denver, CO",6087,1068
14000US08031980100,"Census Tract 9801, Denver, CO",0,12
14000US08033000100,"Census Tract 1, Dolores, CO",1896,215
14000US08035013904,"Census Tract 139.04, Douglas, CO",4280,543
14000US08035013905,"Census Tract 139.05, Douglas, CO",4485,455
14000US08035013907,"Census Tract 139.07, Douglas, CO",5868,687
14000US08035013909,"Census Tract 139.09, Douglas, CO",5928,774
14000US08035013910,"Census Tract 139.10, Douglas, CO",7732,768
14000US08035013911,"Census Tract 139.11, Douglas, CO",7774,1116
14000US08035014005,"Census Tract 140.05, Douglas, CO",4903,464
14000US08035014006,"Census Tract 140.06, Douglas, CO",6902,508
14000US08035014007,"Census Tract 140.07, Douglas, CO",3608,438
14000US08035014008,"Census Tract 140.08, Douglas, CO",9849,887
14000US08035014009,"Census Tract 140.09, Douglas, CO",4251,618
14000US08035014010,"Census Tract 140.10, Douglas, CO",6265,755
14000US08035014011,"Census Tract 140.11, Douglas, CO",6289,680
14000US08035014013,"Census Tract 140.13, Douglas, CO",8935,856
14000US08035014107,"Census Tract 141.07, Douglas, CO",4113,513
14000US08035014108,"Census Tract 141.08, Douglas, CO",5235,720
14000US08035014109,"Census Tract 141.09, Douglas, CO",3125,454
14000US08035014110,"Census Tract 141.10, Douglas, CO",5609,612
14000US08035014112,"Census Tract 141.12, Douglas, CO",3732,298
14000US08035014113,"Census Tract 141.13, Douglas, CO",3251,332
14000US08035014114,"Census Tract 141.14, Douglas, CO",3433,369
14000US08035014115,"Census Tract 141.15, Douglas, CO",4614,361
14000US08035014116,"Census Tract 141.16, Douglas, CO",5297,481
14000US08035014123,"Census Tract 141.23, Douglas, CO",4094,504
14000US08035014124,"Census Tract 141.24, Douglas, CO",5755,580
14000US08035014125,"Census Tract 141.25, Douglas, CO",5300,663
14000US08035014126,"Census Tract 141.26, Douglas, CO",2266,382
14000US08035014127,"Census Tract 141.27, Douglas, CO",5140,598
14000US08035014128,"Census Tract 141.28, Douglas, CO",5235,768
14000US08035014129,"Census Tract 141.29, Douglas, CO",3594,298
14000US08035014130,"Census Tract 141.30, Douglas, CO",7442,983
14000US08035014131,"Census Tract 141.31, Douglas, CO",5453,568
14000US08035014132,"Census Tract 141.32, Douglas, CO",6766,609
14000US08035014133,"Census Tract 141.33, Douglas, CO",6105,622
14000US08035014134,"Census Tract 141.34, Douglas, CO",6497,701
14000US08035014135,"Census Tract 141.35, Douglas, CO",5529,785
14000US08035014138,"Census Tract 141.38, Douglas, CO",2973,310
14000US08035014139,"Census Tract 141.39, Douglas, CO",3626,281
14000US08035014140,"Census Tract 141.40, Douglas, CO",5764,514
14000US08035014203,"Census Tract 142.03, Douglas, CO",5933,587
14000US08035014300,"Census Tract 143, Douglas, CO",939,187
14000US08035014404,"Census Tract 144.04, Douglas, CO",2425,279
14000US08035014405,"Census Tract 144.05, Douglas, CO",7216,729
14000US08035014503,"Census Tract 145.03, Douglas, CO",6031,610
14000US08035014504,"Census Tract 145.04, Douglas, CO",4655,444
14000US08035014505,"Census Tract 145.05, Douglas, CO",5824,717
14000US08035014506,"Census Tract 145.06, Douglas, CO",5726,576
14000US08035014602,"Census Tract 146.02, Douglas, CO",2375,230
14000US08035014603,"Census Tract 146.03, Douglas, CO",7170,1377
14000US08035014604,"Census Tract 146.04, Douglas, CO",3960,391
14000US08037000100,"Census Tract 1, Eagle, CO",1557,370
14000US08037000200,"Census Tract 2, Eagle, CO",7147,82
14000US08037000301,"Census Tract 3.01, Eagle, CO",6520,756
14000US08037000302,"Census Tract 3.02, Eagle, CO",2717,566
14000US08037000401,"Census Tract 4.01, Eagle, CO",4022,669
14000US08037000402,"Census Tract 4.02, Eagle, CO",5131,731
14000US08037000501,"Census Tract 5.01, Eagle, CO",1250,376
14000US08037000502,"Census Tract 5.02, Eagle, CO",4874,612
14000US08037000600,"Census Tract 6, Eagle, CO",1467,326
14000US08037000701,"Census Tract 7.01, Eagle, CO",1881,363
14000US08037000702,"Census Tract 7.02, Eagle, CO",1413,249
14000US08037000703,"Census Tract 7.03, Eagle, CO",2609,359
14000US08039961100,"Census Tract 9611, Elbert, CO",2155,332
14000US08039961204,"Census Tract 9612.04, Elbert, CO",8003,736
14000US08039961205,"Census Tract 9612.05, Elbert, CO",2137,266
14000US08039961206,"Census Tract 9612.06, Elbert, CO",3595,435
14000US08039961207,"Census Tract 9612.07, Elbert, CO",4205,492
14000US08039961208,"Census Tract 9612.08, Elbert, CO",4040,350
14000US08039961209,"Census Tract 9612.09, Elbert, CO",2095,231
14000US08041000102,"Census Tract 1.02, El Paso, CO",3512,503
14000US08041000202,"Census Tract 2.02, El Paso, CO",4371,475
14000US08041000203,"Census Tract 2.03, El Paso, CO",4392,735
14000US08041000301,"Census Tract 3.01, El Paso, CO",3637,630
14000US08041000302,"Census Tract 3.02, El Paso, CO",4788,565
14000US08041000400,"Census Tract 4, El Paso, CO",2356,353
14000US08041000500,"Census Tract 5, El Paso, CO",2015,400
14000US08041000600,"Census Tract 6, El Paso, CO",2950,383
14000US08041000700,"Census Tract 7, El Paso, CO",3290,517
14000US08041000800,"Census Tract 8, El Paso, CO",2849,358
14000US08041000900,"Census Tract 9, El Paso, CO",2472,374
14000US08041001000,"Census Tract 10, El Paso, CO",2284,342
14000US08041001101,"Census Tract 11.01, El Paso, CO",1494,424
14000US08041001104,"Census Tract 11.04, El Paso, CO",3123,370
14000US08041001301,"Census Tract 13.01, El Paso, CO",1788,275
14000US08041001302,"Census Tract 13.02, El Paso, CO",5555,731
14000US08041001400,"Census Tract 14, El Paso, CO",3235,339
14000US08041001500,"Census Tract 15, El Paso, CO",2186,369
14000US08041001600,"Census Tract 16, El Paso, CO",3372,410
14000US08041001700,"Census Tract 17, El Paso, CO",1940,250
14000US08041001800,"Census Tract 18, El Paso, CO",1987,248
14000US08041002000,"Census Tract 20, El Paso, CO",6811,699
14000US08041002101,"Census Tract 21.01, El Paso, CO",3964,498
14000US08041002102,"Census Tract 21.02, El Paso, CO",4774,561
14000US08041002200,"Census Tract 22, El Paso, CO",3076,420
14000US08041002300,"Census Tract 23, El Paso, CO",2009,380
14000US08041002501,"Census Tract 25.01, El Paso, CO",3661,612
14000US08041002502,"Census Tract 25.02, El Paso, CO",4127,409
14000US08041002700,"Census Tract 27, El Paso, CO",3196,344
14000US08041003100,"Census Tract 31, El Paso, CO",4417,467
14000US08041003303,"Census Tract 33.03, El Paso, CO",5186,548
14000US08041003305,"Census Tract 33.05, El Paso, CO",8043,1045
14000US08041003306,"Census Tract 33.06, El Paso, CO",3344,549
14000US08041003307,"Census Tract 33.07, El Paso, CO",3507,481
14000US08041003308,"Census Tract 33.08, El Paso, CO",5706,588
14000US08041003702,"Census Tract 37.02, El Paso, CO",4742,361
14000US08041003705,"Census Tract 37.05, El Paso, CO",6926,1080
14000US08041003706,"Census Tract 37.06, El Paso, CO",4777,502
14000US08041003707,"Census Tract 37.07, El Paso, CO",2844,205
14000US08041003708,"Census Tract 37.08, El Paso, CO",2961,320
14000US08041003801,"Census Tract 38.01, El Paso, CO",2201,438
14000US08041003802,"Census Tract 38.02, El Paso, CO",4167,410
14000US08041003905,"Census Tract 39.05, El Paso, CO",4206,491
14000US08041003906,"Census Tract 39.06, El Paso, CO",5957,679
14000US08041004008,"Census Tract 40.08, El Paso, CO",3001,405
14000US08041004009,"Census Tract 40.09, El Paso, CO",1761,272
14000US08041004100,"Census Tract 41, El Paso, CO",4950,956
14000US08041004200,"Census Tract 42, El Paso, CO",3755,496
14000US08041004300,"Census Tract 43, El Paso, CO",6827,860
14000US08041004402,"Census Tract 44.02, El Paso, CO",6045,624
14000US08041004403,"Census Tract 44.03, El Paso, CO",1410,333
14000US08041004501,"Census Tract 45.01, El Paso, CO",4716,497
14000US08041004502,"Census Tract 45.02, El Paso, CO",6521,670
14000US08041004506,"Census Tract 45.06, El Paso, CO",6566,1167
14000US08041004507,"Census Tract 45.07, El Paso, CO",2997,462
14000US08041004601,"Census Tract 46.01, El Paso, CO",4297,627
14000US08041004602,"Census Tract 46.02, El Paso, CO",5039,859
14000US08041004603,"Census Tract 46.03, El Paso, CO",8514,1326
14000US08041004701,"Census Tract 47.01, El Paso, CO",4935,533
14000US08041004702,"Census Tract 47.02, El Paso, CO",2128,334
14000US08041004703,"Census Tract 47.03, El Paso, CO",5631,513
14000US08041004706,"Census Tract 47.06, El Paso, CO",5932,640
14000US08041004800,"Census Tract 48, El Paso, CO",4907,635
14000US08041004901,"Census Tract 49.01, El Paso, CO",3655,420
14000US08041004902,"Census Tract 49.02, El Paso, CO",5232,666
14000US08041005000,"Census Tract 50, El Paso, CO",5573,779
14000US08041005110,"Census Tract 51.10, El Paso, CO",4137,499
14000US08041005201,"Census Tract 52.01, El Paso, CO",4448,712
14000US08041005202,"Census Tract 52.02, El Paso, CO",3277,635
14000US08041005300,"Census Tract 53, El Paso, CO",4842,773
14000US08041005400,"Census Tract 54, El Paso, CO",6023,1059
14000US08041005501,"Census Tract 55.01, El Paso, CO",6717,917
14000US08041005502,"Census Tract 55.02, El Paso, CO",4713,973
14000US08041005601,"Census Tract 56.01, El Paso, CO",3782,599
14000US08041005602,"Census Tract 56.02, El Paso, CO",3295,437
14000US08041005700,"Census Tract 57, El Paso, CO",6277,745
14000US08041005800,"Census Tract 58, El Paso, CO",3156,413
14000US08041005900,"Census Tract 59, El Paso, CO",7371,739
14000US08041006000,"Census Tract 60, El Paso, CO",7236,966
14000US08041006100,"Census Tract 61, El Paso, CO",4473,659
14000US08041006200,"Census Tract 62, El Paso, CO",5272,724
14000US08041006301,"Census Tract 63.01, El Paso, CO",5154,611
14000US08041006302,"Census Tract 63.02, El Paso, CO",6145,932
14000US08041006400,"Census Tract 64, El Paso, CO",7306,1180
14000US08041006501,"Census Tract 65.01, El Paso, CO",3849,769
14000US08041006502,"Census Tract 65.02, El Paso, CO",7846,1032
14000US08041006600,"Census Tract 66, El Paso, CO",2470,425
14000US08041006801,"Census Tract 68.01, El Paso, CO",4149,520
14000US08041006802,"Census Tract 68.02, El Paso, CO",3848,515
14000US08041006901,"Census Tract 69.01, El Paso, CO",4833,481
14000US08041006902,"Census Tract 69.02, El Paso, CO",5674,850
14000US08041007000,"Census Tract 70, El Paso, CO",4550,642
14000US08041007602,"Census Tract 76.02, El Paso, CO",3281,283
14000US08041007700,"Census Tract 77, El Paso, CO",6203,1055
14000US08041007900,"Census Tract 79, El Paso, CO",2933,351
14000US08041008000,"Census Tract 80, El Paso, CO",4534,557
14000US08043978100,"Census Tract 9781, Fremont, CO",3685,505
14000US08043978200,"Census Tract 9782, Fremont, CO",3634,193
14000US08043978300,"Census Tract 9783, Fremont, CO",5682,600
14000US08043978400,"Census Tract 9784, Fremont, CO",2476,320
14000US08043978500,"Census Tract 9785, Fremont, CO",5543,588
14000US08043978600,"Census Tract 9786, Fremont, CO",3761,424
14000US08043978800,"Census Tract 9788, Fremont, CO",2159,309
14000US08043979100,"Census Tract 9791, Fremont, CO",3230,336
14000US08043979200,"Census Tract 9792, Fremont, CO",1703,250
14000US08043979400,"Census Tract 9794, Fremont, CO",3060,395
14000US08043980100,"Census Tract 9801, Fremont, CO",274,123
14000US08043980200,"Census Tract 9802, Fremont, CO",3067,798
14000US08043980300,"Census Tract 9803, Fremont, CO",5778,572
14000US08045951600,"Census Tract 9516, Garfield, CO",3973,591
14000US08045951701,"Census Tract 9517.01, Garfield, CO",4763,532
14000US08045951702,"Census Tract 9517.02, Garfield, CO",3053,376
14000US08045951802,"Census Tract 9518.02, Garfield, CO",4362,640
14000US08045951803,"Census Tract 9518.03, Garfield, CO",5778,395
14000US08045951804,"Census Tract 9518.04, Garfield, CO",4824,667
14000US08045951901,"Census Tract 9519.01, Garfield, CO",5141,534
14000US08045951902,"Census Tract 9519.02, Garfield, CO",6797,393
14000US08045952001,"Census Tract 9520.01, Garfield, CO",5142,561
14000US08045952100,"Census Tract 9521, Garfield, CO",7012,787
14000US08049000100,"Census Tract 1, Grand, CO",3540,500
14000US08051963800,"Census Tract 9638, Gunnison, CO",4667,471
14000US08051963900,"Census Tract 9639, Gunnison, CO",1110,228
14000US08053973100,"Census Tract 9731, Hinsdale, CO",781,141
14000US08055960600,"Census Tract 9606, Huerfano, CO",3168,119
14000US08057955600,"Census Tract 9556, Jackson, CO",1316,164
14000US08059009806,"Census Tract 98.06, Jefferson, CO",4145,439
14000US08059009807,"Census Tract 98.07, Jefferson, CO",1869,336
14000US08059009815,"Census Tract 98.15, Jefferson, CO",5385,521
14000US08059009823,"Census Tract 98.23, Jefferson, CO",4810,448
14000US08059009824,"Census Tract 98.24, Jefferson, CO",4711,587
14000US08059009827,"Census Tract 98.27, Jefferson, CO",6106,677
14000US08059009828,"Census Tract 98.28, Jefferson, CO",5837,636
14000US08059009829,"Census Tract 98.29, Jefferson, CO",1935,241
14000US08059009830,"Census Tract 98.30, Jefferson, CO",2363,283
14000US08059009831,"Census Tract 98.31, Jefferson, CO",2579,388
14000US08059009832,"Census Tract 98.32, Jefferson, CO",2432,224
14000US08059009833,"Census Tract 98.33, Jefferson, CO",5592,701
14000US08059009834,"Census Tract 98.34, Jefferson, CO",4456,453
14000US08059009835,"Census Tract 98.35, Jefferson, CO",3714,438
14000US08059009836,"Census Tract 98.36, Jefferson, CO",4109,481
14000US08059009837,"Census Tract 98.37, Jefferson, CO",7666,962
14000US08059009838,"Census Tract 98.38, Jefferson, CO",4814,327
14000US08059009839,"Census Tract 98.39, Jefferson, CO",2307,266
14000US08059009840,"Census Tract 98.40, Jefferson, CO",3347,345
14000US08059009841,"Census Tract 98.41, Jefferson, CO",1969,171
14000US08059009842,"Census Tract 98.42, Jefferson, CO",3205,351
14000US08059009845,"Census Tract 98.45, Jefferson, CO",4437,613
14000US08059009846,"Census Tract 98.46, Jefferson, CO",4932,525
14000US08059009847,"Census Tract 98.47, Jefferson, CO",3568,486
14000US08059009848,"Census Tract 98.48, Jefferson, CO",2565,264
14000US08059009850,"Census Tract 98.50, Jefferson, CO",2335,283
14000US08059009851,"Census Tract 98.51, Jefferson, CO",4256,604
14000US08059009852,"Census Tract 98.52, Jefferson, CO",4503,650
14000US08059010100,"Census Tract 101, Jefferson, CO",5839,1063
14000US08059010205,"Census Tract 102.05, Jefferson, CO",2531,291
14000US08059010206,"Census Tract 102.06, Jefferson, CO",3743,394
14000US08059010208,"Census Tract 102.08, Jefferson, CO",5934,689
14000US08059010209,"Census Tract 102.09, Jefferson, CO",7849,1052
14000US08059010210,"Census Tract 102.10, Jefferson, CO",3609,316
14000US08059010211,"Census Tract 102.11, Jefferson, CO",3361,546
14000US08059010212,"Census Tract 102.12, Jefferson, CO",4039,510
14000US08059010213,"Census Tract 102.13, Jefferson, CO",4627,473
14000US08059010303,"Census Tract 103.03, Jefferson, CO",5838,932
14000US08059010304,"Census Tract 103.04, Jefferson, CO",2439,183
14000US08059010305,"Census Tract 103.05, Jefferson, CO",3743,607
14000US08059010306,"Census Tract 103.06, Jefferson, CO",3105,522
14000US08059010307,"Census Tract 103.07, Jefferson, CO",4721,737
14000US08059010308,"Census Tract 103.08, Jefferson, CO",5732,629
14000US08059010402,"Census Tract 104.02, Jefferson, CO",5540,892
14000US08059010403,"Census Tract 104.03, Jefferson, CO",5641,678
14000US08059010405,"Census Tract 104.05, Jefferson, CO",2645,352
14000US08059010406,"Census Tract 104.06, Jefferson, CO",2841,533
14000US08059010502,"Census Tract 105.02, Jefferson, CO",5243,659
14000US08059010503,"Census Tract 105.03, Jefferson, CO",4604,520
14000US08059010504,"Census Tract 105.04, Jefferson, CO",3109,449
14000US08059010603,"Census Tract 106.03, Jefferson, CO",3457,382
14000US08059010604,"Census Tract 106.04, Jefferson, CO",2384,420
14000US08059010701,"Census Tract 107.01, Jefferson, CO",5164,659
14000US08059010702,"Census Tract 107.02, Jefferson, CO",5142,678
14000US08059010801,"Census Tract 108.01, Jefferson, CO",2586,320
14000US08059010901,"Census Tract 109.01, Jefferson, CO",5181,666
14000US08059010902,"Census Tract 109.02, Jefferson, CO",2547,420
14000US08059011000,"Census Tract 110, Jefferson, CO",5800,1079
14000US08059011202,"Census Tract 112.02, Jefferson, CO",4922,932
14000US08059011300,"Census Tract 113, Jefferson, CO",3196,465
14000US08059011401,"Census Tract 114.01, Jefferson, CO",2300,354
14000US08059011402,"Census Tract 114.02, Jefferson, CO",4661,672
14000US08059011601,"Census Tract 116.01, Jefferson, CO",4091,697
14000US08059011602,"Census Tract 116.02, Jefferson, CO",4122,487
14000US08059011701,"Census Tract 117.01, Jefferson, CO",4596,519
14000US08059011702,"Census Tract 117.02, Jefferson, CO",5451,737
14000US08059011708,"Census Tract 117.08, Jefferson, CO",4022,336
14000US08059011709,"Census Tract 117.09, Jefferson, CO",3459,391
14000US08059011710,"Census Tract 117.10, Jefferson, CO",4047,474
14000US08059011711,"Census Tract 117.11, Jefferson, CO",4420,630
14000US08059011712,"Census Tract 117.12, Jefferson, CO",4039,366
14000US08059011720,"Census Tract 117.20, Jefferson, CO",5071,872
14000US08059011721,"Census Tract 117.21, Jefferson, CO",2607,362
14000US08059011723,"Census Tract 117.23, Jefferson, CO",3922,631
14000US08059011724,"Census Tract 117.24, Jefferson, CO",7407,821
14000US08059011725,"Census Tract 117.25, Jefferson, CO",1884,288
14000US08059011726,"Census Tract 117.26, Jefferson, CO",5503,529
14000US08059011727,"Census Tract 117.27, Jefferson, CO",3640,445
14000US08059011728,"Census Tract 117.28, Jefferson, CO",2846,359
14000US08059011729,"Census Tract 117.29, Jefferson, CO",4274,629
14000US08059011730,"Census Tract 117.30, Jefferson, CO",3316,447
14000US08059011731,"Census Tract 117.31, Jefferson, CO",4276,583
14000US08059011732,"Census Tract 117.32, Jefferson, CO",4712,642
14000US08059011733,"Census Tract 117.33, Jefferson, CO",1742,278
14000US08059011803,"Census Tract 118.03, Jefferson, CO",6109,970
14000US08059011804,"Census Tract 118.04, Jefferson, CO",4291,395
14000US08059011806,"Census Tract 118.06, Jefferson, CO",5363,614
14000US08059011904,"Census Tract 119.04, Jefferson, CO",2790,408
14000US08059011951,"Census Tract 119.51, Jefferson, CO",3356,344
14000US08059012022,"Census Tract 120.22, Jefferson, CO",5780,811
14000US08059012023,"Census Tract 120.23, Jefferson, CO",3275,277
14000US08059012024,"Census Tract 120.24, Jefferson, CO",5210,541
14000US08059012026,"Census Tract 120.26, Jefferson, CO",3477,651
14000US08059012027,"Census Tract 120.27, Jefferson, CO",3025,403
14000US08059012030,"Census Tract 120.30, Jefferson, CO",3945,444
14000US08059012031,"Census Tract 120.31, Jefferson, CO",3679,306
14000US08059012032,"Census Tract 120.32, Jefferson, CO",2853,298
14000US08059012033,"Census Tract 120.33, Jefferson, CO",2856,609
14000US08059012034,"Census Tract 120.34, Jefferson, CO",3825,441
14000US08059012035,"Census Tract 120.35, Jefferson, CO",5017,431
14000US08059012036,"Census Tract 120.36, Jefferson, CO",3842,194
14000US08059012037,"Census Tract 120.37, Jefferson, CO",4048,777
14000US08059012038,"Census Tract 120.38, Jefferson, CO",3688,551
14000US08059012039,"Census Tract 120.39, Jefferson, CO",5537,582
14000US08059012041,"Census Tract 120.41, Jefferson, CO",5584,604
14000US08059012042,"Census Tract 120.42, Jefferson, CO",4034,477
14000US08059012043,"Census Tract 120.43, Jefferson, CO",6483,1027
14000US08059012044,"Census Tract 120.44, Jefferson, CO",3579,286
14000US08059012045,"Census Tract 120.45, Jefferson, CO",5982,594
14000US08059012046,"Census Tract 120.46, Jefferson, CO",2243,216
14000US08059012047,"Census Tract 120.47, Jefferson, CO",4661,511
14000US08059012048,"Census Tract 120.48, Jefferson, CO",2228,208
14000US08059012049,"Census Tract 120.49, Jefferson, CO",4064,543
14000US08059012050,"Census Tract 120.50, Jefferson, CO",3980,374
14000US08059012051,"Census Tract 120.51, Jefferson, CO",3935,497
14000US08059012052,"Census Tract 120.52, Jefferson, CO",5381,719
14000US08059012053,"Census Tract 120.53, Jefferson, CO",4602,882
14000US08059012054,"Census Tract 120.54, Jefferson, CO",3673,311
14000US08059012055,"Census Tract 120.55, Jefferson, CO",3667,314
14000US08059012057,"Census Tract 120.57, Jefferson, CO",5714,544
14000US08059012058,"Census Tract 120.58, Jefferson, CO",3731,528
14000US08059012059,"Census Tract 120.59, Jefferson, CO",3668,474
14000US08059012060,"Census Tract 120.60, Jefferson, CO",3264,374
14000US08059015800,"Census Tract 158, Jefferson, CO",4479,629
14000US08059015900,"Census Tract 159, Jefferson, CO",3686,448
14000US08059060300,"Census Tract 603, Jefferson, CO",4846,528
14000US08059060400,"Census Tract 604, Jefferson, CO",3970,565
14000US08059980000,"Census Tract 9800, Jefferson, CO",0,12
14000US08059980400,"Census Tract 9804, Jefferson, CO",1325,369
14000US08061960100,"Census Tract 9601, Kiowa, CO",1463,164
14000US08063962100,"Census Tract 9621, Kit Carson, CO",4669,243
14000US08065961900,"Census Tract 9619, Lake, CO",2126,354
14000US08067940300,"Census Tract 9403, La Plata, CO",6205,547
14000US08067940400,"Census Tract 9404, La Plata, CO",6040,450
14000US08067970701,"Census Tract 9707.01, La Plata, CO",5250,627
14000US08067970703,"Census Tract 9707.03, La Plata, CO",6590,817
14000US08067970800,"Census Tract 9708, La Plata, CO",6681,528
14000US08067970900,"Census Tract 9709, La Plata, CO",4453,477
14000US08067971000,"Census Tract 9710, La Plata, CO",3525,575
14000US08067971100,"Census Tract 9711, La Plata, CO",4408,471
14000US08069000100,"Census Tract 1, Larimer, CO",2920,330
14000US08069000201,"Census Tract 2.01, Larimer, CO",2581,277
14000US08069000202,"Census Tract 2.02, Larimer, CO",2496,423
14000US08069000300,"Census Tract 3, Larimer, CO",2796,368
14000US08069000401,"Census Tract 4.01, Larimer, CO",2040,336
14000US08069000402,"Census Tract 4.02, Larimer, CO",2336,408
14000US08069000503,"Census Tract 5.03, Larimer, CO",7399,1444
14000US08069000504,"Census Tract 5.04, Larimer, CO",2956,447
14000US08069000505,"Census Tract 5.05, Larimer, CO",3703,366
14000US08069000506,"Census Tract 5.06, Larimer, CO",3123,374
14000US08069000600,"Census Tract 6, Larimer, CO",6903,686
14000US08069000700,"Census Tract 7, Larimer, CO",2576,328
14000US08069000801,"Census Tract 8.01, Larimer, CO",1600,213
14000US08069000802,"Census Tract 8.02, Larimer, CO",1241,221
14000US08069000901,"Census Tract 9.01, Larimer, CO",5712,526
14000US08069000902,"Census Tract 9.02, Larimer, CO",4350,654
14000US08069001003,"Census Tract 10.03, Larimer, CO",5104,572
14000US08069001004,"Census Tract 10.04, Larimer, CO",3619,407
14000US08069001007,"Census Tract 10.07, Larimer, CO",3187,333
14000US08069001008,"Census Tract 10.08, Larimer, CO",1921,254
14000US08069001009,"Census Tract 10.09, Larimer, CO",6498,709
14000US08069001010,"Census Tract 10.10, Larimer, CO",2640,287
14000US08069001104,"Census Tract 11.04, Larimer, CO",6229,865
14000US08069001106,"Census Tract 11.06, Larimer, CO",4810,577
14000US08069001107,"Census Tract 11.07, Larimer, CO",5143,543
14000US08069001109,"Census Tract 11.09, Larimer, CO",5512,748
14000US08069001110,"Census Tract 11.10, Larimer, CO",4980,617
14000US08069001111,"Census Tract 11.11, Larimer, CO",2197,368
14000US08069001112,"Census Tract 11.12, Larimer, CO",4593,423
14000US08069001113,"Census Tract 11.13, Larimer, CO",3590,370
14000US08069001114,"Census Tract 11.14, Larimer, CO",2250,305
14000US08069001301,"Census Tract 13.01, Larimer, CO",3589,423
14000US08069001304,"Census Tract 13.04, Larimer, CO",3345,786
14000US08069001305,"Census Tract 13.05, Larimer, CO",3059,391
14000US08069001306,"Census Tract 13.06, Larimer, CO",3035,307
14000US08069001307,"Census Tract 13.07, Larimer, CO",4641,586
14000US08069001308,"Census Tract 13.08, Larimer, CO",5843,820
14000US08069001601,"Census Tract 16.01, Larimer, CO",2098,579
14000US08069001602,"Census Tract 16.02, Larimer, CO",5489,502
14000US08069001603,"Census Tract 16.03, Larimer, CO",5191,439
14000US08069001605,"Census Tract 16.05, Larimer, CO",6598,869
14000US08069001606,"Census Tract 16.06, Larimer, CO",3673,374
14000US08069001607,"Census Tract 16.07, Larimer, CO",3955,443
14000US08069001608,"Census Tract 16.08, Larimer, CO",6519,642
14000US08069001706,"Census Tract 17.06, Larimer, CO",6747,605
14000US08069001707,"Census Tract 17.07, Larimer, CO",5401,580
14000US08069001708,"Census Tract 17.08, Larimer, CO",4963,547
14000US08069001804,"Census Tract 18.04, Larimer, CO",4452,924
14000US08069001807,"Census Tract 18.07, Larimer, CO",6509,711
14000US08069001808,"Census Tract 18.08, Larimer, CO",5078,651
14000US08069001901,"Census Tract 19.01, Larimer, CO",4518,691
14000US08069001902,"Census Tract 19.02, Larimer, CO",4665,527
14000US08069002005,"Census Tract 20.05, Larimer, CO",5762,624
14000US08069002007,"Census Tract 20.07, Larimer, CO",4649,762
14000US08069002008,"Census Tract 20.08, Larimer, CO",4141,452
14000US08069002010,"Census Tract 20.10, Larimer, CO",2618,271
14000US08069002011,"Census Tract 20.11, Larimer, CO",5652,1147
14000US08069002300,"Census Tract 23, Larimer, CO",3633,478
14000US08069002401,"Census Tract 24.01, Larimer, CO",1557,354
14000US08069002503,"Census Tract 25.03, Larimer, CO",2334,244
14000US08069002700,"Census Tract 27, Larimer, CO",6896,316
14000US08069002801,"Census Tract 28.01, Larimer, CO",3812,443
14000US08069002803,"Census Tract 28.03, Larimer, CO",128,94
14000US08071000100,"Census Tract 1, Las Animas, CO",3703,330
14000US08071000200,"Census Tract 2, Las Animas, CO",2030,212
14000US08071000300,"Census Tract 3, Las Animas, CO",2096,276
14000US08071000400,"Census Tract 4, Las Animas, CO",2226,312
14000US08071000500,"Census Tract 5, Las Animas, CO",1803,242
14000US08071000800,"Census Tract 8, Las Animas, CO",2465,333
14000US08073961700,"Census Tract 9617, Lincoln, CO",3600,441
14000US08073961800,"Census Tract 9618, Lincoln, CO",2008,441
14000US08075965900,"Census Tract 9659, Logan, CO",1074,148
14000US08075966000,"Census Tract 9660, Logan, CO",2296,242
14000US08075966200,"Census Tract 9662, Logan, CO",4126,658
14000US08075966300,"Census Tract 9663, Logan, CO",5331,590
14000US08075966400,"Census Tract 9664, Logan, CO",2167,291
14000US08077000200,"Census Tract 2, Mesa, CO",2042,441
14000US08077000300,"Census Tract 3, Mesa, CO",1505,208
14000US08077000400,"Census Tract 4, Mesa, CO",3679,628
14000US08077000500,"Census Tract 5, Mesa, CO",3103,351
14000US08077000601,"Census Tract 6.01, Mesa, CO",4849,905
14000US08077000602,"Census Tract 6.02, Mesa, CO",4071,461
14000US08077000700,"Census Tract 7, Mesa, CO",4291,480
14000US08077000900,"Census Tract 9, Mesa, CO",3693,523
14000US08077001001,"Census Tract 10.01, Mesa, CO",4977,741
14000US08077001002,"Census Tract 10.02, Mesa, CO",6801,717
14000US08077001102,"Census Tract 11.02, Mesa, CO",4722,475
14000US08077001200,"Census Tract 12, Mesa, CO",2269,334
14000US08077001302,"Census Tract 13.02, Mesa, CO",5418,908
14000US08077001402,"Census Tract 14.02, Mesa, CO",5546,548
14000US08077001403,"Census Tract 14.03, Mesa, CO",3699,577
14000US08077001404,"Census Tract 14.04, Mesa, CO",4857,460
14000US08077001502,"Census Tract 15.02, Mesa, CO",7872,1095
14000US08077001600,"Census Tract 16, Mesa, CO",3884,503
14000US08077001702,"Census Tract 17.02, Mesa, CO",4820,605
14000US08077001703,"Census Tract 17.03, Mesa, CO",4651,523
14000US08077001705,"Census Tract 17.05, Mesa, CO",6362,1036
14000US08077001706,"Census Tract 17.06, Mesa, CO",5874,1032
14000US08077001707,"Census Tract 17.07, Mesa, CO",6004,1013
14000US08077001800,"Census Tract 18, Mesa, CO",3140,429
14000US08077001900,"Census Tract 19, Mesa, CO",5192,717
14000US08079973600,"Census Tract 9736, Mineral, CO",853,149
14000US08081000300,"Census Tract 3, Moffat, CO",3017,328
14000US08081000400,"Census Tract 4, Moffat, CO",4627,489
14000US08081000500,"Census Tract 5, Moffat, CO",4361,404
14000US08081000600,"Census Tract 6, Moffat, CO",1145,224
14000US08083941100,"Census Tract 9411, Montezuma, CO",2026,459
14000US08083969000,"Census Tract 9690, Montezuma, CO",3396,446
14000US08083969100,"Census Tract 9691, Montezuma, CO",3363,395
14000US08083969200,"Census Tract 9692, Montezuma, CO",2719,333
14000US08083969400,"Census Tract 9694, Montezuma, CO",3726,327
14000US08083969600,"Census Tract 9696, Montezuma, CO",4444,629
14000US08085966100,"Census Tract 9661, Montrose, CO",2329,295
14000US08085966201,"Census Tract 9662.01, Montrose, CO",2513,382
14000US08085966202,"Census Tract 9662.02, Montrose, CO",4443,650
14000US08085966501,"Census Tract 9665.01, Montrose, CO",3064,398
14000US08085966502,"Census Tract 9665.02, Montrose, CO",4063,536
14000US08085966503,"Census Tract 9665.03, Montrose, CO",3566,549
14000US08085966601,"Census Tract 9666.01, Montrose, CO",5518,617
14000US08085966602,"Census Tract 9666.02, Montrose, CO",4443,431
14000US08087000100,"Census Tract 1, Morgan, CO",2849,279
14000US08087000200,"Census Tract 2, Morgan, CO",2877,354
14000US08087000300,"Census Tract 3, Morgan, CO",1954,332
14000US08087000400,"Census Tract 4, Morgan, CO",3941,557
14000US08087000500,"Census Tract 5, Morgan, CO",2823,488
14000US08087000600,"Census Tract 6, Morgan, CO",6556,779
14000US08087000700,"Census Tract 7, Morgan, CO",5994,286
14000US08087000800,"Census Tract 8, Morgan, CO",1623,220
14000US08089968000,"Census Tract 9680, Otero, CO",1520,219
14000US08089968100,"Census Tract 9681, Otero, CO",2420,346
14000US08089968200,"Census Tract 9682, Otero, CO",2751,363
14000US08089968300,"Census Tract 9683, Otero, CO",4154,400
14000US08089968400,"Census Tract 9684, Otero, CO",1255,234
14000US08089968500,"Census Tract 9685, Otero, CO",1691,189
14000US08089968600,"Census Tract 9686, Otero, CO",4493,333
14000US08093000200,"Census Tract 2, Park, CO",4185,519
14000US08093000300,"Census Tract 3, Park, CO",2926,467
14000US08093000400,"Census Tract 4, Park, CO",1078,247
14000US08093000500,"Census Tract 5, Park, CO",3129,545
14000US08095967600,"Census Tract 9676, Phillips, CO",3133,165
14000US08095967700,"Census Tract 9677, Phillips, CO",1210,165
14000US08097000402,"Census Tract 4.02, Pitkin, CO",2056,364
14000US08097000500,"Census Tract 5, Pitkin, CO",3194,601
14000US08099000100,"Census Tract 1, Prowers, CO",1386,185
14000US08099000200,"Census Tract 2, Prowers, CO",2406,282
14000US08099000300,"Census Tract 3, Prowers, CO",4725,324
14000US08099000600,"Census Tract 6, Prowers, CO",1327,170
14000US08099000700,"Census Tract 7, Prowers, CO",2191,219
14000US08101000100,"Census Tract 1, Pueblo, CO",2723,508
14000US08101000200,"Census Tract 2, Pueblo, CO",2025,390
14000US08101000300,"Census Tract 3, Pueblo, CO",2083,463
14000US08101000400,"Census Tract 4, Pueblo, CO",2526,357
14000US08101000500,"Census Tract 5, Pueblo, CO",2140,396
14000US08101000600,"Census Tract 6, Pueblo, CO",2033,469
14000US08101000800,"Census Tract 8, Pueblo, CO",3310,647
14000US08101000902,"Census Tract 9.02, Pueblo, CO",6032,776
14000US08101000903,"Census Tract 9.03, Pueblo, CO",435,192
14000US08101000904,"Census Tract 9.04, Pueblo, CO",4174,601
14000US08101000905,"Census Tract 9.05, Pueblo, CO",2051,328
14000US08101001000,"Census Tract 10, Pueblo, CO",4799,761
14000US08101001100,"Census Tract 11, Pueblo, CO",2318,431
14000US08101001200,"Census Tract 12, Pueblo, CO",2185,291
14000US08101001400,"Census Tract 14, Pueblo, CO",1551,249
14000US08101001500,"Census Tract 15, Pueblo, CO",2579,456
14000US08101001600,"Census Tract 16, Pueblo, CO",1701,216
14000US08101001700,"Census Tract 17, Pueblo, CO",4754,601
14000US08101001800,"Census Tract 18, Pueblo, CO",2382,420
14000US08101001900,"Census Tract 19, Pueblo, CO",1659,430
14000US08101002000,"Census Tract 20, Pueblo, CO",3519,482
14000US08101002100,"Census Tract 21, Pueblo, CO",1495,297
14000US08101002200,"Census Tract 22, Pueblo, CO",1524,257
14000US08101002300,"Census Tract 23, Pueblo, CO",4104,750
14000US08101002400,"Census Tract 24, Pueblo, CO",1994,367
14000US08101002500,"Census Tract 25, Pueblo, CO",2668,383
14000US08101002600,"Census Tract 26, Pueblo, CO",3959,714
14000US08101002700,"Census Tract 27, Pueblo, CO",5449,758
14000US08101002801,"Census Tract 28.01, Pueblo, CO",5123,569
14000US08101002802,"Census Tract 28.02, Pueblo, CO",3694,490
14000US08101002804,"Census Tract 28.04, Pueblo, CO",4518,582
14000US08101002806,"Census Tract 28.06, Pueblo, CO",3849,539
14000US08101002807,"Census Tract 28.07, Pueblo, CO",4941,842
14000US08101002808,"Census Tract 28.08, Pueblo, CO",3463,512
14000US08101002901,"Census Tract 29.01, Pueblo, CO",3176,427
14000US08101002906,"Census Tract 29.06, Pueblo, CO",4253,477
14000US08101002911,"Census Tract 29.11, Pueblo, CO",2827,422
14000US08101002912,"Census Tract 29.12, Pueblo, CO",2061,468
14000US08101002913,"Census Tract 29.13, Pueblo, CO",3067,288
14000US08101002914,"Census Tract 29.14, Pueblo, CO",3405,585
14000US08101002915,"Census Tract 29.15, Pueblo, CO",2759,407
14000US08101002916,"Census Tract 29.16, Pueblo, CO",2810,413
14000US08101002917,"Census Tract 29.17, Pueblo, CO",3210,395
14000US08101003001,"Census Tract 30.01, Pueblo, CO",1610,383
14000US08101003004,"Census Tract 30.04, Pueblo, CO",2769,327
14000US08101003103,"Census Tract 31.03, Pueblo, CO",1860,383
14000US08101003104,"Census Tract 31.04, Pueblo, CO",2138,216
14000US08101003105,"Census Tract 31.05, Pueblo, CO",3202,278
14000US08101003106,"Census Tract 31.06, Pueblo, CO",1540,445
14000US08101003200,"Census Tract 32, Pueblo, CO",3333,556
14000US08101003500,"Census Tract 35, Pueblo, CO",1783,398
14000US08101003600,"Census Tract 36, Pueblo, CO",2082,314
14000US08101980100,"Census Tract 9801, Pueblo, CO",0,12
14000US08103951100,"Census Tract 9511, Rio Blanco, CO",3893,275
14000US08103951200,"Census Tract 9512, Rio Blanco, CO",2476,275
14000US08105976700,"Census Tract 9767, Rio Grande, CO",4685,182
14000US08105976800,"Census Tract 9768, Rio Grande, CO",1693,188
14000US08107000100,"Census Tract 1, Routt, CO",1920,264
14000US08107000200,"Census Tract 2, Routt, CO",2570,388
14000US08107000300,"Census Tract 3, Routt, CO",2342,316
14000US08107000400,"Census Tract 4, Routt, CO",4021,495
14000US08107000500,"Census Tract 5, Routt, CO",4135,526
14000US08107000600,"Census Tract 6, Routt, CO",3044,444
14000US08107000800,"Census Tract 8, Routt, CO",2254,324
14000US08109977600,"Census Tract 9776, Saguache, CO",3426,281
14000US08109977700,"Census Tract 9777, Saguache, CO",3304,281
14000US08111972600,"Census Tract 9726, San Juan, CO",646,158
14000US08113968101,"Census Tract 9681.01, San Miguel, CO",2018,291
14000US08113968102,"Census Tract 9681.02, San Miguel, CO",1902,219
14000US08113968103,"Census Tract 9681.03, San Miguel, CO",2333,229
14000US08113968200,"Census Tract 9682, San Miguel, CO",1857,202
14000US08115968300,"Census Tract 9683, Sedgwick, CO",2306,0
14000US08119010104,"Census Tract 101.04, Teller, CO",2118,284
14000US08121924100,"Census Tract 9241, Washington, CO",2008,154
14000US08121924200,"Census Tract 9242, Washington, CO",2861,155
14000US08123000100,"Census Tract 1, Weld, CO",3008,899
14000US08123000200,"Census Tract 2, Weld, CO",3587,487
14000US08123000300,"Census Tract 3, Weld, CO",2288,292
14000US08123000401,"Census Tract 4.01, Weld, CO",3187,392
14000US08123000402,"Census Tract 4.02, Weld, CO",4304,716
14000US08123000501,"Census Tract 5.01, Weld, CO",3507,536
14000US08123000502,"Census Tract 5.02, Weld, CO",3694,512
14000US08123000600,"Census Tract 6, Weld, CO",2295,344
14000US08123000701,"Census Tract 7.01, Weld, CO",1917,478
14000US08123000703,"Census Tract 7.03, Weld, CO",6598,803
14000US08123000704,"Census Tract 7.04, Weld, CO",961,315
14000US08123000705,"Census Tract 7.05, Weld, CO",1877,343
14000US08123000800,"Census Tract 8, Weld, CO",3114,510
14000US08123000900,"Census Tract 9, Weld, CO",3503,610
14000US08123001003,"Census Tract 10.03, Weld, CO",4007,466
14000US08123001004,"Census Tract 10.04, Weld, CO",4067,542
14000US08123001005,"Census Tract 10.05, Weld, CO",8489,921
14000US08123001006,"Census Tract 10.06, Weld, CO",5149,626
14000US08123001100,"Census Tract 11, Weld, CO",5216,874
14000US08123001201,"Census Tract 12.01, Weld, CO",4837,765
14000US08123001202,"Census Tract 12.02, Weld, CO",2712,263
14000US08123001300,"Census Tract 13, Weld, CO",7625,1062
14000US08123001404,"Census Tract 14.04, Weld, CO",3666,538
14000US08123001405,"Census Tract 14.05, Weld, CO",5107,688
14000US08123001406,"Census Tract 14.06, Weld, CO",5602,642
14000US08123001407,"Census Tract 14.07, Weld, CO",4157,787
14000US08123001408,"Census Tract 14.08, Weld, CO",1829,234
14000US08123001409,"Census Tract 14.09, Weld, CO",3842,696
14000US08123001410,"Census Tract 14.10, Weld, CO",3128,374
14000US08123001411,"Census Tract 14.11, Weld, CO",2547,392
14000US08123001412,"Census Tract 14.12, Weld, CO",3370,447
14000US08123001413,"Census Tract 14.13, Weld, CO",2422,354
14000US08123001414,"Census Tract 14.14, Weld, CO",2540,462
14000US08123001415,"Census Tract 14.15, Weld, CO",3591,459
14000US08123001416,"Census Tract 14.16, Weld, CO",3381,636
14000US08123001417,"Census Tract 14.17, Weld, CO",3769,851
14000US08123001500,"Census Tract 15, Weld, CO",7593,543
14000US08123001600,"Census Tract 16, Weld, CO",4821,481
14000US08123001700,"Census Tract 17, Weld, CO",6963,776
14000US08123001800,"Census Tract 18, Weld, CO",5017,583
14000US08123001905,"Census Tract 19.05, Weld, CO",5262,475
14000US08123001906,"Census Tract 19.06, Weld, CO",1840,492
14000US08123002004,"Census Tract 20.04, Weld, CO",4972,287
14000US08123002005,"Census Tract 20.05, Weld, CO",1347,315
14000US08123002006,"Census Tract 20.06, Weld, CO",517,295
14000US08123002007,"Census Tract 20.07, Weld, CO",7253,498
14000US08123002008,"Census Tract 20.08, Weld, CO",5777,458
14000US08123002009,"Census Tract 20.09, Weld, CO",4268,502
14000US08123002010,"Census Tract 20.10, Weld, CO",2607,350
14000US08123002011,"Census Tract 20.11, Weld, CO",1592,289
14000US08123002012,"Census Tract 20.12, Weld, CO",868,71
14000US08123002013,"Census Tract 20.13, Weld, CO",3090,746
14000US08123002014,"Census Tract 20.14, Weld, CO",2128,371
14000US08123002015,"Census Tract 20.15, Weld, CO",992,144
14000US08123002016,"Census Tract 20.16, Weld, CO",2715,386
14000US08123002017,"Census Tract 20.17, Weld, CO",439,77
14000US08123002018,"Census Tract 20.18, Weld, CO",1486,215
14000US08123002019,"Census Tract 20.19, Weld, CO",5962,416
14000US08123002020,"Census Tract 20.20, Weld, CO",5112,422
14000US08123002021,"Census Tract 20.21, Weld, CO",807,200
14000US08123002101,"Census Tract 21.01, Weld, CO",10708,797
14000US08123002203,"Census Tract 22.03, Weld, CO",2614,353
14000US08123002204,"Census Tract 22.04, Weld, CO",1691,169
14000US08123002205,"Census Tract 22.05, Weld, CO",4325,404
14000US08123002206,"Census Tract 22.06, Weld, CO",2802,258
14000US08123002207,"Census Tract 22.07, Weld, CO",3460,505
14000US08123002208,"Census Tract 22.08, Weld, CO",7835,523
14000US08123002209,"Census Tract 22.09, Weld, CO",2668,301
14000US08123002210,"Census Tract 22.10, Weld, CO",1295,215
14000US08123002300,"Census Tract 23, Weld, CO",6214,667
14000US08123002501,"Census Tract 25.01, Weld, CO",6275,836
14000US08123002502,"Census Tract 25.02, Weld, CO",8651,894
14000US08125963100,"Census Tract 9631, Yuma, CO",4186,341
14000US08125963200,"Census Tract 9632, Yuma, CO",5827,341
