GEO_ID,NAME,B01003_001E,B01003_001M
1400000US08001007801,"Census Tract 78.01, Adams County, Colorado",4215,329
1400000US08001007802,"Census Tract 78.02, Adams County, Colorado",4389,399
1400000US08001007900,"Census Tract 79, Adams County, Colorado",5627,418
1400000US08001008000,"Census Tract 80, Adams County, Colorado",5818,561
1400000US08001008100,"Census Tract 81, Adams County, Colorado",1574,186
1400000US08001008200,"Census Tract 82, Adams County, Colorado",6576,553
1400000US08001008308,"Census Tract 83.08, Adams County, Colorado",5648,535
1400000US08001008309,"Census Tract 83.09, Adams County, Colorado",4251,332
1400000US08001008353,"Census Tract 83.53, Adams County, Colorado",8538,535
1400000US08001008401,"Census Tract 84.01, Adams County, Colorado",4978,342
1400000US08001008402,"Census Tract 84.02, Adams County, Colorado",5141,393
1400000US08001008505,"Census Tract 85.05, Adams County, Colorado",7266,503
1400000US08001008506,"Census Tract 85.06, Adams County, Colorado",6775,593
1400000US08001008507,"Census Tract 85.07, Adams County, Colorado",6703,610
1400000US08001008508,"Census Tract 85.08, Adams County, Colorado",5672,344
1400000US08001008523,"Census Tract 85.23, Adams County, Colorado",9226,510
1400000US08001008524,"Census Tract 85.24, Adams County, Colorado",9158,506
1400000US08001008526,"Census Tract 85.26, Adams County, Colorado",6915,412
1400000US08001008529,"Census Tract 85.29, Adams County, Colorado",7446,534
1400000US08001008533,"Census Tract 85.33, Adams County, Colorado",8035,564
1400000US08001008534,"Census Tract 85.34, Adams County, Colorado",4946,360
1400000US08001008535,"Census Tract 85.35, Adams County, Colorado",3883,385
1400000US08001008536,"Census Tract 85.36, Adams County, Colorado",3495,256
1400000US08001008537,"Census Tract 85.37, Adams County, Colorado",6846,368
1400000US08001008538,"Census Tract 85.38, Adams County, Colorado",8171,560
1400000US08001008539,"Census Tract 85.39, Adams County, Colorado",11059,646
1400000US08001008540,"Census Tract 85.40, Adams County, Colorado",8029,564
1400000US08001008541,"Census Tract 85.41, Adams County, Colorado",6241,371
1400000US08001008542,"Census Tract 85.42, Adams County, Colorado",9823,497
1400000US08001008543,"Census Tract 85.43, Adams County, Colorado",9090,562
1400000US08001008544,"Census Tract 85.44, Adams County, Colorado",5729,376
1400000US08001008545,"Census Tract 85.45, Adams County, Colorado",7138,424
1400000US08001008546,"Census Tract 85.46, Adams County, Colorado",3926,355
1400000US08001008547,"Census Tract 85.47, Adams County, Colorado",3663,530
1400000US08001008548,"Census Tract 85.48, Adams County, Colorado",1639,119
1400000US08001008549,"Census Tract 85.49, Adams County, Colorado",4022,243
1400000US08001008550,"Census Tract 85.50, Adams County, Colorado",8220,573
1400000US08001008551,"Census Tract 85.51, Adams County, Colorado",1569,120
1400000US08001008603,"Census Tract 86.03, Adams County, Colorado",1937,213
1400000US08001008604,"Census Tract 86.04, Adams County, Colorado",5254,487
1400000US08001008605,"Census Tract 86.05, Adams County, Colorado",4278,355
1400000US08001008606,"Census Tract 86.06, Adams County, Colorado",6120,525
1400000US08001008705,"Census Tract 87.05, Adams County, Colorado",5511,567
1400000US08001008706,"Census Tract 87.06, Adams County, Colorado",6056,690
1400000US08001008709,"Census Tract 87.09, Adams County, Colorado",7668,626
1400000US08001008801,"Census Tract 88.01, Adams County, Colorado",5160,510
1400000US08001008802,"Census Tract 88.02, Adams County, Colorado",5396,529
1400000US08001008901,"Census Tract 89.01, Adams County, Colorado",2800,225
1400000US08001009001,"Census Tract 90.01, Adams County, Colorado",4420,344
1400000US08001009002,"Census Tract 90.02, Adams County, Colorado",10038,982
1400000US08001009101,"Census Tract 91.01, Adams County, Colorado",4639,448
1400000US08001009103,"Census Tract 91.03, Adams County, Colorado",4435,463
1400000US08001009104,"Census Tract 91.04, Adams County, Colorado",6355,491
1400000US08001009202,"Census Tract 92.02, Adams County, Colorado",4554,415
1400000US08001009203,"Census Tract 92.03, Adams County, Colorado",5220,501
1400000US08001009204,"Census Tract 92.04, Adams County, Colorado",6836,529
1400000US08001009206,"Census Tract 92.06, Adams County, Colorado",2340,144
1400000US08001009207,"Census Tract 92.07, Adams County, Colorado",4760,412
1400000US08001009304,"Census Tract 93.04, Adams County, Colorado",5756,448
1400000US08001009306,"Census Tract 93.06, Adams County, Colorado",3588,342
1400000US08001009307,"Census Tract 93.07, Adams County, Colorado",3483,397
1400000US08001009308,"Census Tract 93.08, Adams County, Colorado",4445,591
1400000US08001009309,"Census Tract 93.09, Adams County, Colorado",4268,268
1400000US08001009310,"Census Tract 93.10, Adams County, Colorado",6290,752
1400000US08001009316,"Census Tract 93.16, Adams County, Colorado",7372,680
1400000US08001009318,"Census Tract 93.18, Adams County, Colorado",6254,882
1400000US08001009319,"Census Tract 93.19, Adams County, Colorado",2595,346
1400000US08001009320,"Census Tract 93.20, Adams County, Colorado",2643,373
1400000US08001009321,"Census Tract 93.21, Adams County, Colorado",4031,446
1400000US08001009322,"Census Tract 93.22, Adams County, Colorado",5296,584
1400000US08001009323,"Census Tract 93.23, Adams County, Colorado",3837,335
1400000US08001009325,"Census Tract 93.25, Adams County, Colorado",5515,521
1400000US08001009326,"Census Tract 93.26, Adams County, Colorado",2817,167
1400000US08001009327,"Census Tract 93.27, Adams County, Colorado",4435,350
1400000US08001009401,"Census Tract 94.01, Adams County, Colorado",5406,333
1400000US08001009406,"Census Tract 94.06, Adams County, Colorado",4586,379
1400000US08001009407,"Census Tract 94.07, Adams County, Colorado",5133,407
1400000US08001009408,"Census Tract 94.08, Adams County, Colorado",4754,276
1400000US08001009409,"Census Tract 94.09, Adams County, Colorado",5473,428
1400000US08001009410,"Census Tract 94.10, Adams County, Colorado",3064,248
1400000US08001009411,"Census Tract 94.11, Adams County, Colorado",2974,187
1400000US08001009501,"Census Tract 95.01, Adams County, Colorado",3234,255
1400000US08001009502,"Census Tract 95.02, Adams County, Colorado",4977,448
1400000US08001009553,"Census Tract 95.53, Adams County, Colorado",3760,320
1400000US08001009603,"Census Tract 96.03, Adams County, Colorado",6273,544
1400000US08001009604,"Census Tract 96.04, Adams County, Colorado",4499,361
1400000US08001009606,"Census Tract 96.06, Adams County, Colorado",2758,453
1400000US08001009607,"Census Tract 96.07, Adams County, Colorado",4796,455
1400000US08001009608,"Census Tract 96.08, Adams County, Colorado",3225,26
1400000US08001009751,"Census Tract 97.51, Adams County, Colorado",3944,408
1400000US08001009752,"Census Tract 97.52, Adams County, Colorado",3257,355
1400000US08001015000,"Census Tract 150, Adams County, Colorado",2984,316
1400000US08001060000,"Census Tract 600, Adams County, Colorado",6338,420
1400000US08001060100,"Census Tract 601, Adams County, Colorado",7879,434
1400000US08001060200,"Census Tract 602, Adams County, Colorado",4157,358
1400000US08001061200,"Census Tract 612, Adams County, Colorado",2795,210
1400000US08001988700,"Census Tract 9887, Adams County, Colorado",0,12
1400000US08003960000,"Census Tract 9600, Alamosa County, Colorado",1868,233
1400000US08003960100,"Census Tract 9601, Alamosa County, Colorado",2621,294
1400000US08003960200,"Census Tract 9602, Alamosa County, Colorado",6163,414
1400000US08003960300,"Census Tract 9603, Alamosa County, Colorado",5455,562
1400000US08005004951,"Census Tract 49.51, Arapahoe County, Colorado",1984,172
1400000US08005004952,"Census Tract 49.52, Arapahoe County, Colorado",3193,168
1400000US08005005551,"Census Tract 55.51, Arapahoe County, Colorado",2951,369
1400000US08005005552,"Census Tract 55.52, Arapahoe County, Colorado",2754,282
1400000US08005005553,"Census Tract 55.53, Arapahoe County, Colorado",4199,367
1400000US08005005611,"Census Tract 56.11, Arapahoe County, Colorado",5338,338
1400000US08005005612,"Census Tract 56.12, Arapahoe County, Colorado",3789,285
1400000US08005005614,"Census Tract 56.14, Arapahoe County, Colorado",3212,161
1400000US08005005619,"Census Tract 56.19, Arapahoe County, Colorado",5102,347
1400000US08005005620,"Census Tract 56.20, Arapahoe County, Colorado",3152,319
1400000US08005005621,"Census Tract 56.21, Arapahoe County, Colorado",2774,296
1400000US08005005622,"Census Tract 56.22, Arapahoe County, Colorado",2631,202
1400000US08005005623,"Census Tract 56.23, Arapahoe County, Colorado",4394,275
1400000US08005005624,"Census Tract 56.24, Arapahoe County, Colorado",2443,132
1400000US08005005625,"Census Tract 56.25, Arapahoe County, Colorado",3541,212
1400000US08005005626,"Census Tract 56.26, Arapahoe County, Colorado",3845,250
1400000US08005005627,"Census Tract 56.27, Arapahoe County, Colorado",4783,259
1400000US08005005628,"Census Tract 56.28, Arapahoe County, Colorado",5859,268
1400000US08005005629,"Census Tract 56.29, Arapahoe County, Colorado",2483,118
1400000US08005005630,"Census Tract 56.30, Arapahoe County, Colorado",5824,457
1400000US08005005631,"Census Tract 56.31, Arapahoe County, Colorado",3324,201
1400000US08005005632,"Census Tract 56.32, Arapahoe County, Colorado",3416,204
1400000US08005005633,"Census Tract 56.33, Arapahoe County, Colorado",3222,148
1400000US08005005634,"Census Tract 56.34, Arapahoe County, Colorado",3309,229
1400000US08005005635,"Census Tract 56.35, Arapahoe County, Colorado",4989,261
1400000US08005005636,"Census Tract 56.36, Arapahoe County, Colorado",1833,145
1400000US08005005700,"Census Tract 57, Arapahoe County, Colorado",3927,315
1400000US08005005800,"Census Tract 58, Arapahoe County, Colorado",2837,268
1400000US08005005951,"Census Tract 59.51, Arapahoe County, Colorado",4509,380
1400000US08005005952,"Census Tract 59.52, Arapahoe County, Colorado",3758,322
1400000US08005006000,"Census Tract 60, Arapahoe County, Colorado",2683,239
1400000US08005006100,"Census Tract 61, Arapahoe County, Colorado",3391,300
1400000US08005006200,"Census Tract 62, Arapahoe County, Colorado",3518,346
1400000US08005006300,"Census Tract 63, Arapahoe County, Colorado",2601,198
1400000US08005006400,"Census Tract 64, Arapahoe County, Colorado",3357,423
1400000US08005006501,"Census Tract 65.01, Arapahoe County, Colorado",2276,254
1400000US08005006502,"Census Tract 65.02, Arapahoe County, Colorado",3523,218
1400000US08005006601,"Census Tract 66.01, Arapahoe County, Colorado",5830,482
1400000US08005006603,"Census Tract 66.03, Arapahoe County, Colorado",3310,210
1400000US08005006604,"Census Tract 66.04, Arapahoe County, Colorado",4544,425
1400000US08005006704,"Census Tract 67.04, Arapahoe County, Colorado",4613,145
1400000US08005006705,"Census Tract 67.05, Arapahoe County, Colorado",2034,147
1400000US08005006706,"Census Tract 67.06, Arapahoe County, Colorado",5262,272
1400000US08005006707,"Census Tract 67.07, Arapahoe County, Colorado",5143,288
1400000US08005006708,"Census Tract 67.08, Arapahoe County, Colorado",5058,229
1400000US08005006709,"Census Tract 67.09, Arapahoe County, Colorado",5327,302
1400000US08005006711,"Census Tract 67.11, Arapahoe County, Colorado",4225,282
1400000US08005006712,"Census Tract 67.12, Arapahoe County, Colorado",1402,120
1400000US08005006713,"Census Tract 67.13, Arapahoe County, Colorado",1806,164
1400000US08005006808,"Census Tract 68.08, Arapahoe County, Colorado",5839,240
1400000US08005006815,"Census Tract 68.15, Arapahoe County, Colorado",4728,312
1400000US08005006854,"Census Tract 68.54, Arapahoe County, Colorado",3097,226
1400000US08005006855,"Census Tract 68.55, Arapahoe County, Colorado",5806,282
1400000US08005006856,"Census Tract 68.56, Arapahoe County, Colorado",9231,1024
1400000US08005006857,"Census Tract 68.57, Arapahoe County, Colorado",2238,120
1400000US08005006858,"Census Tract 68.58, Arapahoe County, Colorado",5147,467
1400000US08005007101,"Census Tract 71.01, Arapahoe County, Colorado",5726,398
1400000US08005007103,"Census Tract 71.03, Arapahoe County, Colorado",1716,111
1400000US08005007104,"Census Tract 71.04, Arapahoe County, Colorado",5898,492
1400000US08005007105,"Census Tract 71.05, Arapahoe County, Colorado",7006,508
1400000US08005007106,"Census Tract 71.06, Arapahoe County, Colorado",6180,319
1400000US08005007107,"Census Tract 71.07, Arapahoe County, Colorado",11605,717
1400000US08005007201,"Census Tract 72.01, Arapahoe County, Colorado",4083,489
1400000US08005007202,"Census Tract 72.02, Arapahoe County, Colorado",4218,600
1400000US08005007301,"Census Tract 73.01, Arapahoe County, Colorado",2278,322
1400000US08005007302,"Census Tract 73.02, Arapahoe County, Colorado",5121,513
1400000US08005007400,"Census Tract 74, Arapahoe County, Colorado",5386,441
1400000US08005007500,"Census Tract 75, Arapahoe County, Colorado",2559,315
1400000US08005007600,"Census Tract 76, Arapahoe County, Colorado",3721,489
1400000US08005007702,"Census Tract 77.02, Arapahoe County, Colorado",4199,467
1400000US08005007703,"Census Tract 77.03, Arapahoe County, Colorado",4614,548
1400000US08005007704,"Census Tract 77.04, Arapahoe County, Colorado",5100,507
1400000US08005015100,"Census Tract 151, Arapahoe County, Colorado",2835,159
1400000US08005080000,"Census Tract 800, Arapahoe County, Colorado",3834,359
1400000US08005080100,"Census Tract 801, Arapahoe County, Colorado",4051,319
1400000US08005080200,"Census Tract 802, Arapahoe County, Colorado",6439,525
1400000US08005080300,"Census Tract 803, Arapahoe County, Colorado",5626,436
1400000US08005080400,"Census Tract 804, Arapahoe County, Colorado",4946,262
1400000US08005080500,"Census Tract 805, Arapahoe County, Colorado",3496,212
1400000US08005080600,"Census Tract 806, Arapahoe County, Colorado",3449,472
1400000US08005080700,"Census Tract 807, Arapahoe County, Colorado",5801,413
1400000US08005080800,"Census Tract 808, Arapahoe County, Colorado",3699,400
1400000US08005080900,"Census Tract 809, Arapahoe County, Colorado",4901,394
1400000US08005081000,"Census Tract 810, Arapahoe County, Colorado",5741,690
1400000US08005081100,"Census Tract 811, Arapahoe County, Colorado",6289,617
1400000US08005081200,"Census Tract 812, Arapahoe County, Colorado",5183,622
1400000US08005081300,"Census Tract 813, Arapahoe County, Colorado",3056,253
1400000US08005081400,"Census Tract 814, Arapahoe County, Colorado",4213,356
1400000US08005081500,"Census Tract 815, Arapahoe County, Colorado",2887,175
1400000US08005081600,"Census Tract 816, Arapahoe County, Colorado",5159,461
1400000US08005081700,"Census Tract 817, Arapahoe County, Colorado",2991,136
1400000US08005081800,"Census Tract 818, Arapahoe County, Colorado",5708,521
1400000US08005081900,"Census Tract 819, Arapahoe County, Colorado",6903,696
1400000US08005082000,"Census Tract 820, Arapahoe County, Colorado",4413,493
1400000US08005082100,"Census Tract 821, Arapahoe County, Colorado",7211,756
1400000US08005082200,"Census Tract 822, Arapahoe County, Colorado",6383,696
1400000US08005082300,"Census Tract 823, Arapahoe County, Colorado",4157,439
1400000US08005082400,"Census Tract 824, Arapahoe County, Colorado",4335,501
1400000US08005082500,"Census Tract 825, Arapahoe County, Colorado",2276,138
1400000US08005082600,"Census Tract 826, Arapahoe County, Colorado",5556,550
1400000US08005082700,"Census Tract 827, Arapahoe County, Colorado",3606,332
1400000US08005082800,"Census Tract 828, Arapahoe County, Colorado",5121,343
1400000US08005082900,"Census Tract 829, Arapahoe County, Colorado",4893,352
1400000US08005083000,"Census Tract 830, Arapahoe County, Colorado",3750,276
1400000US08005083100,"Census Tract 831, Arapahoe County, Colorado",6928,509
1400000US08005083200,"Census Tract 832, Arapahoe County, Colorado",9380,533
1400000US08005083300,"Census Tract 833, Arapahoe County, Colorado",4456,272
1400000US08005083400,"Census Tract 834, Arapahoe County, Colorado",7275,377
1400000US08005083500,"Census Tract 835, Arapahoe County, Colorado",6461,479
1400000US08005083600,"Census Tract 836, Arapahoe County, Colorado",3758,409
1400000US08005083700,"Census Tract 837, Arapahoe County, Colorado",4518,407
1400000US08005083800,"Census Tract 838, Arapahoe County, Colorado",2892,214
1400000US08005083900,"Census Tract 839, Arapahoe County, Colorado",3071,253
1400000US08005084000,"Census Tract 840, Arapahoe County, Colorado",2640,212
1400000US08005084100,"Census Tract 841, Arapahoe County, Colorado",4623,274
1400000US08005084200,"Census Tract 842, Arapahoe County, Colorado",3760,319
1400000US08005084300,"Census Tract 843, Arapahoe County, Colorado",3740,198
1400000US08005084400,"Census Tract 844, Arapahoe County, Colorado",3101,272
1400000US08005084500,"Census Tract 845, Arapahoe County, Colorado",2994,291
1400000US08005084600,"Census Tract 846, Arapahoe County, Colorado",5404,315
1400000US08005084700,"Census Tract 847, Arapahoe County, Colorado",4292,284
1400000US08005084800,"Census Tract 848, Arapahoe County, Colorado",3605,240
1400000US08005084900,"Census Tract 849, Arapahoe County, Colorado",3421,231
1400000US08005085000,"Census Tract 850, Arapahoe County, Colorado",2088,177
1400000US08005085100,"Census Tract 851, Arapahoe County, Colorado",6622,410
1400000US08005085200,"Census Tract 852, Arapahoe County, Colorado",3013,124
1400000US08005085300,"Census Tract 853, Arapahoe County, Colorado",2441,149
1400000US08005085400,"Census Tract 854, Arapahoe County, Colorado",4723,270
1400000US08005085500,"Census Tract 855, Arapahoe County, Colorado",5535,260
1400000US08005085600,"Census Tract 856, Arapahoe County, Colorado",3396,191
1400000US08005085700,"Census Tract 857, Arapahoe County, Colorado",4511,457
1400000US08005085800,"Census Tract 858, Arapahoe County, Colorado",1784,164
1400000US08005085900,"Census Tract 859, Arapahoe County, Colorado",6270,469
1400000US08005086000,"Census Tract 860, Arapahoe County, Colorado",8476,460
1400000US08005086100,"Census Tract 861, Arapahoe County, Colorado",4848,402
1400000US08005086200,"Census Tract 862, Arapahoe County, Colorado",6859,261
1400000US08005086300,"Census Tract 863, Arapahoe County, Colorado",4744,316
1400000US08005086400,"Census Tract 864, Arapahoe County, Colorado",1988,141
1400000US08005086500,"Census Tract 865, Arapahoe County, Colorado",5159,335
1400000US08005086600,"Census Tract 866, Arapahoe County, Colorado",5909,394
1400000US08005086700,"Census Tract 867, Arapahoe County, Colorado",5485,253
1400000US08005086800,"Census Tract 868, Arapahoe County, Colorado",7377,737
1400000US08005086900,"Census Tract 869, Arapahoe County, Colorado",3118,363
1400000US08005087000,"Census Tract 870, Arapahoe County, Colorado",5264,804
1400000US08005087100,"Census Tract 871, Arapahoe County, Colorado",2789,268
1400000US08005087200,"Census Tract 872, Arapahoe County, Colorado",4142,505
1400000US08005087300,"Census Tract 873, Arapahoe County, Colorado",8018,686
1400000US08007940400,"Census Tract 9404, Archuleta County, Colorado",1298,189
1400000US08007974200,"Census Tract 9742, Archuleta County, Colorado",5768,452
1400000US08007974300,"Census Tract 9743, Archuleta County, Colorado",3547,358
1400000US08007974400,"Census Tract 9744, Archuleta County, Colorado",2640,289
1400000US08009964600,"Census Tract 9646, Baca County, Colorado",1662,110
1400000US08009964700,"Census Tract 9647, Baca County, Colorado",1899,110
1400000US08011966700,"Census Tract 9667, Bent County, Colorado",5787,*****
1400000US08013012101,"Census Tract 121.01, Boulder County, Colorado",4631,390
1400000US08013012102,"Census Tract 121.02, Boulder County, Colorado",7349,472
1400000US08013012103,"Census Tract 121.03, Boulder County, Colorado",3835,231
1400000US08013012104,"Census Tract 121.04, Boulder County, Colorado",2557,205
1400000US08013012105,"Census Tract 121.05, Boulder County, Colorado",5879,433
1400000US08013012201,"Census Tract 122.01, Boulder County, Colorado",3845,329
1400000US08013012202,"Census Tract 122.02, Boulder County, Colorado",6362,562
1400000US08013012203,"Census Tract 122.03, Boulder County, Colorado",7569,537
1400000US08013012204,"Census Tract 122.04, Boulder County, Colorado",4299,417
1400000US08013012300,"Census Tract 123, Boulder County, Colorado",6720,365
1400000US08013012401,"Census Tract 124.01, Boulder County, Colorado",6088,893
1400000US08013012501,"Census Tract 125.01, Boulder County, Colorado",2514,185
1400000US08013012505,"Census Tract 125.05, Boulder County, Colorado",4089,228
1400000US08013012507,"Census Tract 125.07, Boulder County, Colorado",4436,368
1400000US08013012508,"Census Tract 125.08, Boulder County, Colorado",3081,287
1400000US08013012509,"Census Tract 125.09, Boulder County, Colorado",3328,173
1400000US08013012510,"Census Tract 125.10, Boulder County, Colorado",4192,317
1400000US08013012511,"Census Tract 125.11, Boulder County, Colorado",6470,496
1400000US08013012603,"Census Tract 126.03, Boulder County, Colorado",3411,190
1400000US08013012605,"Census Tract 126.05, Boulder County, Colorado",1485,190
1400000US08013012607,"Census Tract 126.07, Boulder County, Colorado",5926,655
1400000US08013012608,"Census Tract 126.08, Boulder County, Colorado",2462,204
1400000US08013012701,"Census Tract 127.01, Boulder County, Colorado",5911,320
1400000US08013012705,"Census Tract 127.05, Boulder County, Colorado",4457,272
1400000US08013012707,"Census Tract 127.07, Boulder County, Colorado",2457,294
1400000US08013012708,"Census Tract 127.08, Boulder County, Colorado",4961,271
1400000US08013012709,"Census Tract 127.09, Boulder County, Colorado",1867,97
1400000US08013012710,"Census Tract 127.10, Boulder County, Colorado",3616,178
1400000US08013012800,"Census Tract 128, Boulder County, Colorado",12923,354
1400000US08013012903,"Census Tract 129.03, Boulder County, Colorado",2354,137
1400000US08013012904,"Census Tract 129.04, Boulder County, Colorado",5567,370
1400000US08013012905,"Census Tract 129.05, Boulder County, Colorado",2723,207
1400000US08013012907,"Census Tract 129.07, Boulder County, Colorado",3681,370
1400000US08013013003,"Census Tract 130.03, Boulder County, Colorado",7365,361
1400000US08013013004,"Census Tract 130.04, Boulder County, Colorado",3530,220
1400000US08013013005,"Census Tract 130.05, Boulder County, Colorado",3179,206
1400000US08013013006,"Census Tract 130.06, Boulder County, Colorado",6072,237
1400000US08013013201,"Census Tract 132.01, Boulder County, Colorado",1678,174
1400000US08013013202,"Census Tract 132.02, Boulder County, Colorado",1438,114
1400000US08013013205,"Census Tract 132.05, Boulder County, Colorado",5396,424
1400000US08013013207,"Census Tract 132.07, Boulder County, Colorado",4538,371
1400000US08013013208,"Census Tract 132.08, Boulder County, Colorado",6638,514
1400000US08013013210,"Census Tract 132.10, Boulder County, Colorado",5335,366
1400000US08013013211,"Census Tract 132.11, Boulder County, Colorado",6142,543
1400000US08013013212,"Census Tract 132.12, Boulder County, Colorado",4533,254
1400000US08013013213,"Census Tract 132.13, Boulder County, Colorado",9827,711
1400000US08013013302,"Census Tract 133.02, Boulder County, Colorado",5068,380
1400000US08013013305,"Census Tract 133.05, Boulder County, Colorado",5425,298
1400000US08013013306,"Census Tract 133.06, Boulder County, Colorado",4880,429
1400000US08013013307,"Census Tract 133.07, Boulder County, Colorado",4073,231
1400000US08013013308,"Census Tract 133.08, Boulder County, Colorado",3492,235
1400000US08013013401,"Census Tract 134.01, Boulder County, Colorado",3140,402
1400000US08013013402,"Census Tract 134.02, Boulder County, Colorado",8149,727
1400000US08013013503,"Census Tract 135.03, Boulder County, Colorado",5325,363
1400000US08013013505,"Census Tract 135.05, Boulder County, Colorado",4269,438
1400000US08013013506,"Census Tract 135.06, Boulder County, Colorado",4561,238
1400000US08013013507,"Census Tract 135.07, Boulder County, Colorado",3416,244
1400000US08013013508,"Census Tract 135.08, Boulder County, Colorado",7376,380
1400000US08013013601,"Census Tract 136.01, Boulder County, Colorado",4016,308
1400000US08013013602,"Census Tract 136.02, Boulder County, Colorado",867,160
1400000US08013013701,"Census Tract 137.01, Boulder County, Colorado",5990,341
1400000US08013013702,"Census Tract 137.02, Boulder County, Colorado",5735,481
1400000US08013060600,"Census Tract 606, Boulder County, Colorado",6110,369
1400000US08013060700,"Census Tract 607, Boulder County, Colorado",3132,196
1400000US08013060800,"Census Tract 608, Boulder County, Colorado",8831,606
1400000US08013060900,"Census Tract 609, Boulder County, Colorado",4608,307
1400000US08013061300,"Census Tract 613, Boulder County, Colorado",3336,182
1400000US08013061400,"Census Tract 614, Boulder County, Colorado",3995,235
1400000US08014030000,"Census Tract 300, Broomfield County, Colorado",3579,234
1400000US08014030100,"Census Tract 301, Broomfield County, Colorado",2271,153
1400000US08014030200,"Census Tract 302, Broomfield County, Colorado",2052,144
1400000US08014030300,"Census Tract 303, Broomfield County, Colorado",3922,293
1400000US08014030400,"Census Tract 304, Broomfield County, Colorado",3998,272
1400000US08014030500,"Census Tract 305, Broomfield County, Colorado",5836,328
1400000US08014030600,"Census Tract 306, Broomfield County, Colorado",6027,372
1400000US08014030700,"Census Tract 307, Broomfield County, Colorado",2941,185
1400000US08014030800,"Census Tract 308, Broomfield County, Colorado",5958,311
1400000US08014030900,"Census Tract 309, Broomfield County, Colorado",5423,312
1400000US08014031000,"Census Tract 310, Broomfield County, Colorado",5731,245
1400000US08014031100,"Census Tract 311, Broomfield County, Colorado",6385,415
1400000US08014031200,"Census Tract 312, Broomfield County, Colorado",4872,356
1400000US08014031300,"Census Tract 313, Broomfield County, Colorado",2574,139
1400000US08014031400,"Census Tract 314, Broomfield County, Colorado",6317,388
1400000US08014980100,"Census Tract 9801, Broomfield County, Colorado",0,12
1400000US08014980200,"Census Tract 9802, Broomfield County, Colorado",0,12
1400000US08014980300,"Census Tract 9803, Broomfield County, Colorado",0,12
1400000US08015000100,"Census Tract 1, Chaffee County, Colorado",2768,344
1400000US08015000200,"Census Tract 2, Chaffee County, Colorado",4607,386
1400000US08015000300,"Census Tract 3, Chaffee County, Colorado",3118,364
1400000US08015000401,"Census Tract 4.01, Chaffee County, Colorado",4954,435
1400000US08015000402,"Census Tract 4.02, Chaffee County, Colorado",4110,438
1400000US08017960600,"Census Tract 9606, Cheyenne County, Colorado",2026,186
1400000US08019014700,"Census Tract 147, Clear Creek County, Colorado",5277,256
1400000US08019014800,"Census Tract 148, Clear Creek County, Colorado",1685,215
1400000US08019014900,"Census Tract 149, Clear Creek County, Colorado",2533,239
1400000US08021974800,"Census Tract 9748, Conejos County, Colorado",3762,229
1400000US08021974900,"Census Tract 9749, Conejos County, Colorado",4366,229
1400000US08023972600,"Census Tract 9726, Costilla County, Colorado",2061,199
1400000US08023972700,"Census Tract 9727, Costilla County, Colorado",1684,199
1400000US08025969600,"Census Tract 9696, Crowley County, Colorado",5754,*****
1400000US08027970100,"Census Tract 9701, Custer County, Colorado",4776,*****
1400000US08029964600,"Census Tract 9646, Delta County, Colorado",3407,352
1400000US08029964700,"Census Tract 9647, Delta County, Colorado",4175,283
1400000US08029964800,"Census Tract 9648, Delta County, Colorado",4117,439
1400000US08029964900,"Census Tract 9649, Delta County, Colorado",5849,469
1400000US08029965000,"Census Tract 9650, Delta County, Colorado",4497,542
1400000US08029965100,"Census Tract 9651, Delta County, Colorado",3970,374
1400000US08029965200,"Census Tract 9652, Delta County, Colorado",4550,404
1400000US08031000102,"Census Tract 1.02, Denver County, Colorado",3491,245
1400000US08031000201,"Census Tract 2.01, Denver County, Colorado",3820,414
1400000US08031000202,"Census Tract 2.02, Denver County, Colorado",4006,351
1400000US08031000301,"Census Tract 3.01, Denver County, Colorado",5869,498
1400000US08031000302,"Census Tract 3.02, Denver County, Colorado",4587,383
1400000US08031000303,"Census Tract 3.03, Denver County, Colorado",4665,564
1400000US08031000401,"Census Tract 4.01, Denver County, Colorado",3601,389
1400000US08031000402,"Census Tract 4.02, Denver County, Colorado",5750,398
1400000US08031000501,"Census Tract 5.01, Denver County, Colorado",2183,170
1400000US08031000502,"Census Tract 5.02, Denver County, Colorado",6006,363
1400000US08031000600,"Census Tract 6, Denver County, Colorado",3490,388
1400000US08031000701,"Census Tract 7.01, Denver County, Colorado",4516,512
1400000US08031000702,"Census Tract 7.02, Denver County, Colorado",4799,608
1400000US08031000800,"Census Tract 8, Denver County, Colorado",1437,247
1400000US08031000902,"Census Tract 9.02, Denver County, Colorado",6145,532
1400000US08031000903,"Census Tract 9.03, Denver County, Colorado",6021,550
1400000US08031000904,"Census Tract 9.04, Denver County, Colorado",5583,467
1400000US08031000905,"Census Tract 9.05, Denver County, Colorado",4263,304
1400000US08031001000,"Census Tract 10, Denver County, Colorado",4803,459
1400000US08031001101,"Census Tract 11.01, Denver County, Colorado",2484,290
1400000US08031001102,"Census Tract 11.02, Denver County, Colorado",4799,607
1400000US08031001301,"Census Tract 13.01, Denver County, Colorado",5259,437
1400000US08031001302,"Census Tract 13.02, Denver County, Colorado",3974,360
1400000US08031001401,"Census Tract 14.01, Denver County, Colorado",6401,494
1400000US08031001402,"Census Tract 14.02, Denver County, Colorado",4743,381
1400000US08031001403,"Census Tract 14.03, Denver County, Colorado",3032,237
1400000US08031001500,"Census Tract 15, Denver County, Colorado",4377,496
1400000US08031001600,"Census Tract 16, Denver County, Colorado",12361,810
1400000US08031001701,"Census Tract 17.01, Denver County, Colorado",7500,553
1400000US08031001702,"Census Tract 17.02, Denver County, Colorado",4491,533
1400000US08031001800,"Census Tract 18, Denver County, Colorado",3570,361
1400000US08031001901,"Census Tract 19.01, Denver County, Colorado",3346,344
1400000US08031001902,"Census Tract 19.02, Denver County, Colorado",778,207
1400000US08031002000,"Census Tract 20, Denver County, Colorado",2256,206
1400000US08031002100,"Census Tract 21, Denver County, Colorado",6568,543
1400000US08031002300,"Census Tract 23, Denver County, Colorado",5528,502
1400000US08031002402,"Census Tract 24.02, Denver County, Colorado",2034,219
1400000US08031002403,"Census Tract 24.03, Denver County, Colorado",4529,463
1400000US08031002601,"Census Tract 26.01, Denver County, Colorado",3869,428
1400000US08031002602,"Census Tract 26.02, Denver County, Colorado",2885,189
1400000US08031002701,"Census Tract 27.01, Denver County, Colorado",4592,283
1400000US08031002702,"Census Tract 27.02, Denver County, Colorado",6495,349
1400000US08031002703,"Census Tract 27.03, Denver County, Colorado",5217,480
1400000US08031002801,"Census Tract 28.01, Denver County, Colorado",3002,226
1400000US08031002802,"Census Tract 28.02, Denver County, Colorado",4060,381
1400000US08031002803,"Census Tract 28.03, Denver County, Colorado",4999,365
1400000US08031002901,"Census Tract 29.01, Denver County, Colorado",3559,272
1400000US08031002902,"Census Tract 29.02, Denver County, Colorado",4239,210
1400000US08031003001,"Census Tract 30.01, Denver County, Colorado",5874,402
1400000US08031003002,"Census Tract 30.02, Denver County, Colorado",2780,216
1400000US08031003003,"Census Tract 30.03, Denver County, Colorado",3346,325
1400000US08031003004,"Census Tract 30.04, Denver County, Colorado",6559,488
1400000US08031003101,"Census Tract 31.01, Denver County, Colorado",1812,137
1400000US08031003102,"Census Tract 31.02, Denver County, Colorado",3527,271
1400000US08031003201,"Census Tract 32.01, Denver County, Colorado",5853,385
1400000US08031003202,"Census Tract 32.02, Denver County, Colorado",3456,230
1400000US08031003203,"Census Tract 32.03, Denver County, Colorado",3032,307
1400000US08031003300,"Census Tract 33, Denver County, Colorado",3215,289
1400000US08031003401,"Census Tract 34.01, Denver County, Colorado",2658,219
1400000US08031003402,"Census Tract 34.02, Denver County, Colorado",4856,272
1400000US08031003500,"Census Tract 35, Denver County, Colorado",6636,649
1400000US08031003601,"Census Tract 36.01, Denver County, Colorado",4552,485
1400000US08031003602,"Census Tract 36.02, Denver County, Colorado",4862,477
1400000US08031003603,"Census Tract 36.03, Denver County, Colorado",3530,292
1400000US08031003701,"Census Tract 37.01, Denver County, Colorado",3677,310
1400000US08031003702,"Census Tract 37.02, Denver County, Colorado",4994,452
1400000US08031003703,"Census Tract 37.03, Denver County, Colorado",3266,271
1400000US08031003800,"Census Tract 38, Denver County, Colorado",6850,585
1400000US08031003901,"Census Tract 39.01, Denver County, Colorado",4204,427
1400000US08031003902,"Census Tract 39.02, Denver County, Colorado",4502,279
1400000US08031004002,"Census Tract 40.02, Denver County, Colorado",3525,230
1400000US08031004003,"Census Tract 40.03, Denver County, Colorado",4217,385
1400000US08031004004,"Census Tract 40.04, Denver County, Colorado",1965,116
1400000US08031004005,"Census Tract 40.05, Denver County, Colorado",3299,233
1400000US08031004006,"Census Tract 40.06, Denver County, Colorado",4857,396
1400000US08031004101,"Census Tract 41.01, Denver County, Colorado",4589,316
1400000US08031004102,"Census Tract 41.02, Denver County, Colorado",5054,475
1400000US08031004103,"Census Tract 41.03, Denver County, Colorado",5593,265
1400000US08031004104,"Census Tract 41.04, Denver County, Colorado",4758,319
1400000US08031004106,"Census Tract 41.06, Denver County, Colorado",13570,668
1400000US08031004107,"Census Tract 41.07, Denver County, Colorado",13352,673
1400000US08031004201,"Census Tract 42.01, Denver County, Colorado",4979,307
1400000US08031004202,"Census Tract 42.02, Denver County, Colorado",4567,241
1400000US08031004301,"Census Tract 43.01, Denver County, Colorado",5086,415
1400000US08031004302,"Census Tract 43.02, Denver County, Colorado",2662,168
1400000US08031004303,"Census Tract 43.03, Denver County, Colorado",4199,292
1400000US08031004304,"Census Tract 43.04, Denver County, Colorado",5739,287
1400000US08031004306,"Census Tract 43.06, Denver County, Colorado",5325,374
1400000US08031004403,"Census Tract 44.03, Denver County, Colorado",4342,323
1400000US08031004404,"Census Tract 44.04, Denver County, Colorado",6698,545
1400000US08031004405,"Census Tract 44.05, Denver County, Colorado",8976,561
1400000US08031004503,"Census Tract 45.03, Denver County, Colorado",4390,425
1400000US08031004504,"Census Tract 45.04, Denver County, Colorado",4638,394
1400000US08031004505,"Census Tract 45.05, Denver County, Colorado",4884,482
1400000US08031004506,"Census Tract 45.06, Denver County, Colorado",3795,299
1400000US08031004601,"Census Tract 46.01, Denver County, Colorado",6481,543
1400000US08031004602,"Census Tract 46.02, Denver County, Colorado",7698,986
1400000US08031004603,"Census Tract 46.03, Denver County, Colorado",6117,413
1400000US08031004700,"Census Tract 47, Denver County, Colorado",7221,591
1400000US08031004801,"Census Tract 48.01, Denver County, Colorado",3627,417
1400000US08031005001,"Census Tract 50.01, Denver County, Colorado",2718,247
1400000US08031005002,"Census Tract 50.02, Denver County, Colorado",8056,512
1400000US08031005102,"Census Tract 51.02, Denver County, Colorado",3519,353
1400000US08031005104,"Census Tract 51.04, Denver County, Colorado",3863,488
1400000US08031005200,"Census Tract 52, Denver County, Colorado",3479,248
1400000US08031005300,"Census Tract 53, Denver County, Colorado",1547,156
1400000US08031005502,"Census Tract 55.02, Denver County, Colorado",2223,206
1400000US08031005503,"Census Tract 55.03, Denver County, Colorado",5025,427
1400000US08031006701,"Census Tract 67.01, Denver County, Colorado",4080,262
1400000US08031006804,"Census Tract 68.04, Denver County, Colorado",3168,262
1400000US08031006809,"Census Tract 68.09, Denver County, Colorado",7800,384
1400000US08031006810,"Census Tract 68.10, Denver County, Colorado",5836,542
1400000US08031006811,"Census Tract 68.11, Denver County, Colorado",6497,436
1400000US08031006812,"Census Tract 68.12, Denver County, Colorado",4096,305
1400000US08031006813,"Census Tract 68.13, Denver County, Colorado",4293,455
1400000US08031006814,"Census Tract 68.14, Denver County, Colorado",5296,535
1400000US08031006901,"Census Tract 69.01, Denver County, Colorado",5827,518
1400000US08031007006,"Census Tract 70.06, Denver County, Colorado",5228,708
1400000US08031007013,"Census Tract 70.13, Denver County, Colorado",3927,241
1400000US08031007037,"Census Tract 70.37, Denver County, Colorado",4361,605
1400000US08031007088,"Census Tract 70.88, Denver County, Colorado",4922,464
1400000US08031007089,"Census Tract 70.89, Denver County, Colorado",5194,356
1400000US08031008304,"Census Tract 83.04, Denver County, Colorado",3790,497
1400000US08031008305,"Census Tract 83.05, Denver County, Colorado",4792,519
1400000US08031008306,"Census Tract 83.06, Denver County, Colorado",7188,628
1400000US08031008312,"Census Tract 83.12, Denver County, Colorado",8245,669
1400000US08031008386,"Census Tract 83.86, Denver County, Colorado",5449,503
1400000US08031008387,"Census Tract 83.87, Denver County, Colorado",7596,614
1400000US08031008388,"Census Tract 83.88, Denver County, Colorado",10738,1017
1400000US08031008389,"Census Tract 83.89, Denver County, Colorado",11639,760
1400000US08031008390,"Census Tract 83.90, Denver County, Colorado",9739,711
1400000US08031008391,"Census Tract 83.91, Denver County, Colorado",7315,681
1400000US08031011902,"Census Tract 119.02, Denver County, Colorado",6229,711
1400000US08031011903,"Census Tract 119.03, Denver County, Colorado",2496,201
1400000US08031012001,"Census Tract 120.01, Denver County, Colorado",1977,177
1400000US08031012010,"Census Tract 120.10, Denver County, Colorado",5322,260
1400000US08031012014,"Census Tract 120.14, Denver County, Colorado",6819,320
1400000US08031015300,"Census Tract 153, Denver County, Colorado",4019,358
1400000US08031015400,"Census Tract 154, Denver County, Colorado",4868,442
1400000US08031015500,"Census Tract 155, Denver County, Colorado",3576,299
1400000US08031015600,"Census Tract 156, Denver County, Colorado",8879,770
1400000US08031015700,"Census Tract 157, Denver County, Colorado",6011,480
1400000US08031980000,"Census Tract 9800, Denver County, Colorado",1708,141
1400000US08031980100,"Census Tract 9801, Denver County, Colorado",0,12
1400000US08033000100,"Census Tract 1, Dolores County, Colorado",1857,186
1400000US08035013901,"Census Tract 139.01, Douglas County, Colorado",7807,433
1400000US08035013904,"Census Tract 139.04, Douglas County, Colorado",4452,301
1400000US08035013905,"Census Tract 139.05, Douglas County, Colorado",4265,271
1400000US08035013907,"Census Tract 139.07, Douglas County, Colorado",5591,302
1400000US08035013908,"Census Tract 139.08, Douglas County, Colorado",6560,410
1400000US08035013909,"Census Tract 139.09, Douglas County, Colorado",6016,507
1400000US08035013910,"Census Tract 139.10, Douglas County, Colorado",7582,440
1400000US08035013911,"Census Tract 139.11, Douglas County, Colorado",7409,386
1400000US08035014001,"Census Tract 140.01, Douglas County, Colorado",8007,494
1400000US08035014005,"Census Tract 140.05, Douglas County, Colorado",5008,227
1400000US08035014006,"Census Tract 140.06, Douglas County, Colorado",6934,297
1400000US08035014007,"Census Tract 140.07, Douglas County, Colorado",3374,250
1400000US08035014008,"Census Tract 140.08, Douglas County, Colorado",9343,507
1400000US08035014009,"Census Tract 140.09, Douglas County, Colorado",4252,233
1400000US08035014010,"Census Tract 140.10, Douglas County, Colorado",5997,352
1400000US08035014011,"Census Tract 140.11, Douglas County, Colorado",5608,388
1400000US08035014012,"Census Tract 140.12, Douglas County, Colorado",7976,480
1400000US08035014013,"Census Tract 140.13, Douglas County, Colorado",8314,401
1400000US08035014107,"Census Tract 141.07, Douglas County, Colorado",3775,207
1400000US08035014108,"Census Tract 141.08, Douglas County, Colorado",4849,256
1400000US08035014109,"Census Tract 141.09, Douglas County, Colorado",2882,154
1400000US08035014110,"Census Tract 141.10, Douglas County, Colorado",5716,335
1400000US08035014112,"Census Tract 141.12, Douglas County, Colorado",3913,184
1400000US08035014113,"Census Tract 141.13, Douglas County, Colorado",3179,157
1400000US08035014114,"Census Tract 141.14, Douglas County, Colorado",3507,213
1400000US08035014115,"Census Tract 141.15, Douglas County, Colorado",4208,247
1400000US08035014116,"Census Tract 141.16, Douglas County, Colorado",5918,509
1400000US08035014122,"Census Tract 141.22, Douglas County, Colorado",7137,409
1400000US08035014123,"Census Tract 141.23, Douglas County, Colorado",3537,282
1400000US08035014124,"Census Tract 141.24, Douglas County, Colorado",5288,254
1400000US08035014125,"Census Tract 141.25, Douglas County, Colorado",5123,391
1400000US08035014126,"Census Tract 141.26, Douglas County, Colorado",2130,164
1400000US08035014127,"Census Tract 141.27, Douglas County, Colorado",5289,314
1400000US08035014128,"Census Tract 141.28, Douglas County, Colorado",4859,267
1400000US08035014129,"Census Tract 141.29, Douglas County, Colorado",3742,151
1400000US08035014130,"Census Tract 141.30, Douglas County, Colorado",7396,398
1400000US08035014131,"Census Tract 141.31, Douglas County, Colorado",5134,301
1400000US08035014132,"Census Tract 141.32, Douglas County, Colorado",6394,301
1400000US08035014133,"Census Tract 141.33, Douglas County, Colorado",6337,354
1400000US08035014134,"Census Tract 141.34, Douglas County, Colorado",6329,266
1400000US08035014135,"Census Tract 141.35, Douglas County, Colorado",4868,316
1400000US08035014136,"Census Tract 141.36, Douglas County, Colorado",9614,573
1400000US08035014137,"Census Tract 141.37, Douglas County, Colorado",9813,307
1400000US08035014138,"Census Tract 141.38, Douglas County, Colorado",3059,336
1400000US08035014139,"Census Tract 141.39, Douglas County, Colorado",4160,244
1400000US08035014140,"Census Tract 141.40, Douglas County, Colorado",5309,324
1400000US08035014202,"Census Tract 142.02, Douglas County, Colorado",2159,209
1400000US08035014203,"Census Tract 142.03, Douglas County, Colorado",6684,358
1400000US08035014204,"Census Tract 142.04, Douglas County, Colorado",3213,152
1400000US08035014300,"Census Tract 143, Douglas County, Colorado",923,94
1400000US08035014403,"Census Tract 144.03, Douglas County, Colorado",6148,295
1400000US08035014404,"Census Tract 144.04, Douglas County, Colorado",2612,164
1400000US08035014405,"Census Tract 144.05, Douglas County, Colorado",7560,326
1400000US08035014406,"Census Tract 144.06, Douglas County, Colorado",13460,456
1400000US08035014503,"Census Tract 145.03, Douglas County, Colorado",5683,376
1400000US08035014504,"Census Tract 145.04, Douglas County, Colorado",4637,321
1400000US08035014505,"Census Tract 145.05, Douglas County, Colorado",5797,390
1400000US08035014506,"Census Tract 145.06, Douglas County, Colorado",5410,349
1400000US08035014602,"Census Tract 146.02, Douglas County, Colorado",2658,213
1400000US08035014603,"Census Tract 146.03, Douglas County, Colorado",6892,350
1400000US08035014604,"Census Tract 146.04, Douglas County, Colorado",4245,221
1400000US08037000100,"Census Tract 1, Eagle County, Colorado",1463,299
1400000US08037000200,"Census Tract 2, Eagle County, Colorado",7439,151
1400000US08037000301,"Census Tract 3.01, Eagle County, Colorado",6964,689
1400000US08037000302,"Census Tract 3.02, Eagle County, Colorado",2253,358
1400000US08037000401,"Census Tract 4.01, Eagle County, Colorado",4387,687
1400000US08037000402,"Census Tract 4.02, Eagle County, Colorado",4800,557
1400000US08037000403,"Census Tract 4.03, Eagle County, Colorado",8857,564
1400000US08037000501,"Census Tract 5.01, Eagle County, Colorado",462,184
1400000US08037000502,"Census Tract 5.02, Eagle County, Colorado",4224,642
1400000US08037000503,"Census Tract 5.03, Eagle County, Colorado",6539,15
1400000US08037000600,"Census Tract 6, Eagle County, Colorado",1446,275
1400000US08037000701,"Census Tract 7.01, Eagle County, Colorado",1693,336
1400000US08037000702,"Census Tract 7.02, Eagle County, Colorado",1453,232
1400000US08037000703,"Census Tract 7.03, Eagle County, Colorado",2701,260
1400000US08039961100,"Census Tract 9611, Elbert County, Colorado",2227,214
1400000US08039961204,"Census Tract 9612.04, Elbert County, Colorado",8121,370
1400000US08039961205,"Census Tract 9612.05, Elbert County, Colorado",2057,179
1400000US08039961206,"Census Tract 9612.06, Elbert County, Colorado",3735,202
1400000US08039961207,"Census Tract 9612.07, Elbert County, Colorado",3930,256
1400000US08039961208,"Census Tract 9612.08, Elbert County, Colorado",3465,234
1400000US08039961209,"Census Tract 9612.09, Elbert County, Colorado",2182,180
1400000US08041000101,"Census Tract 1.01, El Paso County, Colorado",5892,439
1400000US08041000102,"Census Tract 1.02, El Paso County, Colorado",3387,194
1400000US08041000202,"Census Tract 2.02, El Paso County, Colorado",4655,251
1400000US08041000203,"Census Tract 2.03, El Paso County, Colorado",4318,300
1400000US08041000301,"Census Tract 3.01, El Paso County, Colorado",3376,414
1400000US08041000302,"Census Tract 3.02, El Paso County, Colorado",5021,474
1400000US08041000400,"Census Tract 4, El Paso County, Colorado",2214,200
1400000US08041000500,"Census Tract 5, El Paso County, Colorado",2100,190
1400000US08041000600,"Census Tract 6, El Paso County, Colorado",3007,239
1400000US08041000700,"Census Tract 7, El Paso County, Colorado",3413,295
1400000US08041000800,"Census Tract 8, El Paso County, Colorado",2985,277
1400000US08041000900,"Census Tract 9, El Paso County, Colorado",2399,272
1400000US08041001000,"Census Tract 10, El Paso County, Colorado",2301,212
1400000US08041001101,"Census Tract 11.01, El Paso County, Colorado",1490,213
1400000US08041001104,"Census Tract 11.04, El Paso County, Colorado",3161,216
1400000US08041001301,"Census Tract 13.01, El Paso County, Colorado",2099,241
1400000US08041001302,"Census Tract 13.02, El Paso County, Colorado",5399,316
1400000US08041001400,"Census Tract 14, El Paso County, Colorado",3321,227
1400000US08041001500,"Census Tract 15, El Paso County, Colorado",2145,345
1400000US08041001600,"Census Tract 16, El Paso County, Colorado",3359,345
1400000US08041001700,"Census Tract 17, El Paso County, Colorado",1882,138
1400000US08041001800,"Census Tract 18, El Paso County, Colorado",1952,170
1400000US08041001900,"Census Tract 19, El Paso County, Colorado",4873,569
1400000US08041002000,"Census Tract 20, El Paso County, Colorado",6834,491
1400000US08041002101,"Census Tract 21.01, El Paso County, Colorado",3755,358
1400000US08041002102,"Census Tract 21.02, El Paso County, Colorado",4776,512
1400000US08041002200,"Census Tract 22, El Paso County, Colorado",2942,290
1400000US08041002300,"Census Tract 23, El Paso County, Colorado",1892,320
1400000US08041002400,"Census Tract 24, El Paso County, Colorado",5329,394
1400000US08041002501,"Census Tract 25.01, El Paso County, Colorado",3551,217
1400000US08041002502,"Census Tract 25.02, El Paso County, Colorado",4435,354
1400000US08041002700,"Census Tract 27, El Paso County, Colorado",3246,320
1400000US08041002800,"Census Tract 28, El Paso County, Colorado",6593,571
1400000US08041002900,"Census Tract 29, El Paso County, Colorado",5582,736
1400000US08041003000,"Census Tract 30, El Paso County, Colorado",3888,466
1400000US08041003100,"Census Tract 31, El Paso County, Colorado",4351,328
1400000US08041003303,"Census Tract 33.03, El Paso County, Colorado",5793,407
1400000US08041003305,"Census Tract 33.05, El Paso County, Colorado",7402,503
1400000US08041003306,"Census Tract 33.06, El Paso County, Colorado",3195,335
1400000US08041003307,"Census Tract 33.07, El Paso County, Colorado",3450,371
1400000US08041003308,"Census Tract 33.08, El Paso County, Colorado",6004,454
1400000US08041003400,"Census Tract 34, El Paso County, Colorado",3381,253
1400000US08041003701,"Census Tract 37.01, El Paso County, Colorado",7967,457
1400000US08041003702,"Census Tract 37.02, El Paso County, Colorado",5236,261
1400000US08041003705,"Census Tract 37.05, El Paso County, Colorado",5953,314
1400000US08041003706,"Census Tract 37.06, El Paso County, Colorado",4572,248
1400000US08041003707,"Census Tract 37.07, El Paso County, Colorado",3950,197
1400000US08041003708,"Census Tract 37.08, El Paso County, Colorado",3001,232
1400000US08041003709,"Census Tract 37.09, El Paso County, Colorado",6220,381
1400000US08041003801,"Census Tract 38.01, El Paso County, Colorado",2183,203
1400000US08041003802,"Census Tract 38.02, El Paso County, Colorado",4329,320
1400000US08041003902,"Census Tract 39.02, El Paso County, Colorado",14149,773
1400000US08041003905,"Census Tract 39.05, El Paso County, Colorado",4223,314
1400000US08041003906,"Census Tract 39.06, El Paso County, Colorado",6275,463
1400000US08041003909,"Census Tract 39.09, El Paso County, Colorado",6330,493
1400000US08041004008,"Census Tract 40.08, El Paso County, Colorado",3027,386
1400000US08041004009,"Census Tract 40.09, El Paso County, Colorado",1692,192
1400000US08041004100,"Census Tract 41, El Paso County, Colorado",5036,339
1400000US08041004200,"Census Tract 42, El Paso County, Colorado",3789,343
1400000US08041004300,"Census Tract 43, El Paso County, Colorado",6727,538
1400000US08041004401,"Census Tract 44.01, El Paso County, Colorado",9406,640
1400000US08041004402,"Census Tract 44.02, El Paso County, Colorado",5545,420
1400000US08041004403,"Census Tract 44.03, El Paso County, Colorado",1220,287
1400000US08041004501,"Census Tract 45.01, El Paso County, Colorado",5493,494
1400000US08041004502,"Census Tract 45.02, El Paso County, Colorado",6731,421
1400000US08041004503,"Census Tract 45.03, El Paso County, Colorado",15820,767
1400000US08041004506,"Census Tract 45.06, El Paso County, Colorado",5581,306
1400000US08041004507,"Census Tract 45.07, El Paso County, Colorado",3541,469
1400000US08041004508,"Census Tract 45.08, El Paso County, Colorado",7287,625
1400000US08041004510,"Census Tract 45.10, El Paso County, Colorado",11057,843
1400000US08041004511,"Census Tract 45.11, El Paso County, Colorado",7195,657
1400000US08041004601,"Census Tract 46.01, El Paso County, Colorado",4232,349
1400000US08041004602,"Census Tract 46.02, El Paso County, Colorado",4629,419
1400000US08041004603,"Census Tract 46.03, El Paso County, Colorado",7754,610
1400000US08041004701,"Census Tract 47.01, El Paso County, Colorado",4853,307
1400000US08041004702,"Census Tract 47.02, El Paso County, Colorado",2112,225
1400000US08041004703,"Census Tract 47.03, El Paso County, Colorado",5869,440
1400000US08041004705,"Census Tract 47.05, El Paso County, Colorado",8979,603
1400000US08041004706,"Census Tract 47.06, El Paso County, Colorado",5512,381
1400000US08041004800,"Census Tract 48, El Paso County, Colorado",5022,491
1400000US08041004901,"Census Tract 49.01, El Paso County, Colorado",3649,308
1400000US08041004902,"Census Tract 49.02, El Paso County, Colorado",5583,424
1400000US08041005000,"Census Tract 50, El Paso County, Colorado",5577,490
1400000US08041005104,"Census Tract 51.04, El Paso County, Colorado",10596,705
1400000US08041005105,"Census Tract 51.05, El Paso County, Colorado",7599,873
1400000US08041005106,"Census Tract 51.06, El Paso County, Colorado",10848,461
1400000US08041005107,"Census Tract 51.07, El Paso County, Colorado",9048,500
1400000US08041005108,"Census Tract 51.08, El Paso County, Colorado",9219,443
1400000US08041005109,"Census Tract 51.09, El Paso County, Colorado",8027,674
1400000US08041005110,"Census Tract 51.10, El Paso County, Colorado",4230,350
1400000US08041005111,"Census Tract 51.11, El Paso County, Colorado",8507,571
1400000US08041005201,"Census Tract 52.01, El Paso County, Colorado",4364,676
1400000US08041005202,"Census Tract 52.02, El Paso County, Colorado",3081,281
1400000US08041005300,"Census Tract 53, El Paso County, Colorado",4915,459
1400000US08041005400,"Census Tract 54, El Paso County, Colorado",6164,512
1400000US08041005501,"Census Tract 55.01, El Paso County, Colorado",4942,305
1400000US08041005502,"Census Tract 55.02, El Paso County, Colorado",4630,481
1400000US08041005601,"Census Tract 56.01, El Paso County, Colorado",5206,290
1400000US08041005602,"Census Tract 56.02, El Paso County, Colorado",3422,230
1400000US08041005700,"Census Tract 57, El Paso County, Colorado",6092,364
1400000US08041005800,"Census Tract 58, El Paso County, Colorado",3059,237
1400000US08041005900,"Census Tract 59, El Paso County, Colorado",6673,517
1400000US08041006000,"Census Tract 60, El Paso County, Colorado",7045,584
1400000US08041006100,"Census Tract 61, El Paso County, Colorado",4340,464
1400000US08041006200,"Census Tract 62, El Paso County, Colorado",5194,576
1400000US08041006301,"Census Tract 63.01, El Paso County, Colorado",5196,421
1400000US08041006302,"Census Tract 63.02, El Paso County, Colorado",6035,700
1400000US08041006400,"Census Tract 64, El Paso County, Colorado",7530,789
1400000US08041006501,"Census Tract 65.01, El Paso County, Colorado",3877,316
1400000US08041006502,"Census Tract 65.02, El Paso County, Colorado",7508,669
1400000US08041006600,"Census Tract 66, El Paso County, Colorado",2368,153
1400000US08041006700,"Census Tract 67, El Paso County, Colorado",6132,323
1400000US08041006801,"Census Tract 68.01, El Paso County, Colorado",4304,294
1400000US08041006802,"Census Tract 68.02, El Paso County, Colorado",4054,428
1400000US08041006901,"Census Tract 69.01, El Paso County, Colorado",5109,248
1400000US08041006902,"Census Tract 69.02, El Paso County, Colorado",5239,259
1400000US08041007000,"Census Tract 70, El Paso County, Colorado",4520,297
1400000US08041007101,"Census Tract 71.01, El Paso County, Colorado",10685,674
1400000US08041007102,"Census Tract 71.02, El Paso County, Colorado",10097,500
1400000US08041007201,"Census Tract 72.01, El Paso County, Colorado",10751,578
1400000US08041007202,"Census Tract 72.02, El Paso County, Colorado",9588,510
1400000US08041007300,"Census Tract 73, El Paso County, Colorado",10786,628
1400000US08041007400,"Census Tract 74, El Paso County, Colorado",8895,577
1400000US08041007500,"Census Tract 75, El Paso County, Colorado",8852,597
1400000US08041007601,"Census Tract 76.01, El Paso County, Colorado",9405,622
1400000US08041007602,"Census Tract 76.02, El Paso County, Colorado",3524,265
1400000US08041007700,"Census Tract 77, El Paso County, Colorado",6123,436
1400000US08041007800,"Census Tract 78, El Paso County, Colorado",5457,491
1400000US08041007900,"Census Tract 79, El Paso County, Colorado",2747,209
1400000US08041008000,"Census Tract 80, El Paso County, Colorado",4537,308
1400000US08043978100,"Census Tract 9781, Fremont County, Colorado",3574,372
1400000US08043978200,"Census Tract 9782, Fremont County, Colorado",3628,222
1400000US08043978300,"Census Tract 9783, Fremont County, Colorado",5266,406
1400000US08043978400,"Census Tract 9784, Fremont County, Colorado",2388,277
1400000US08043978500,"Census Tract 9785, Fremont County, Colorado",5715,341
1400000US08043978600,"Census Tract 9786, Fremont County, Colorado",3631,327
1400000US08043978800,"Census Tract 9788, Fremont County, Colorado",2313,212
1400000US08043979000,"Census Tract 9790, Fremont County, Colorado",3456,406
1400000US08043979100,"Census Tract 9791, Fremont County, Colorado",3108,286
1400000US08043979200,"Census Tract 9792, Fremont County, Colorado",1713,156
1400000US08043979400,"Census Tract 9794, Fremont County, Colorado",3196,358
1400000US08043980100,"Census Tract 9801, Fremont County, Colorado",308,136
1400000US08043980200,"Census Tract 9802, Fremont County, Colorado",3073,712
1400000US08043980300,"Census Tract 9803, Fremont County, Colorado",5952,680
1400000US08045951600,"Census Tract 9516, Garfield County, Colorado",3806,368
1400000US08045951701,"Census Tract 9517.01, Garfield County, Colorado",4162,397
1400000US08045951702,"Census Tract 9517.02, Garfield County, Colorado",3183,285
1400000US08045951802,"Census Tract 9518.02, Garfield County, Colorado",4109,509
1400000US08045951803,"Census Tract 9518.03, Garfield County, Colorado",6379,436
1400000US08045951804,"Census Tract 9518.04, Garfield County, Colorado",4533,442
1400000US08045951901,"Census Tract 9519.01, Garfield County, Colorado",4936,395
1400000US08045951902,"Census Tract 9519.02, Garfield County, Colorado",7182,522
1400000US08045952001,"Census Tract 9520.01, Garfield County, Colorado",5347,473
1400000US08045952002,"Census Tract 9520.02, Garfield County, Colorado",8604,540
1400000US08045952100,"Census Tract 9521, Garfield County, Colorado",6814,516
1400000US08047013800,"Census Tract 138, Gilpin County, Colorado",6018,*****
1400000US08049000100,"Census Tract 1, Grand County, Colorado",3432,385
1400000US08049000201,"Census Tract 2.01, Grand County, Colorado",5225,558
1400000US08049000202,"Census Tract 2.02, Grand County, Colorado",6646,557
1400000US08051963600,"Census Tract 9636, Gunnison County, Colorado",4437,371
1400000US08051963700,"Census Tract 9637, Gunnison County, Colorado",6622,135
1400000US08051963800,"Census Tract 9638, Gunnison County, Colorado",4710,445
1400000US08051963900,"Census Tract 9639, Gunnison County, Colorado",1033,185
1400000US08053973100,"Census Tract 9731, Hinsdale County, Colorado",857,111
1400000US08055960600,"Census Tract 9606, Huerfano County, Colorado",3162,112
1400000US08055960900,"Census Tract 9609, Huerfano County, Colorado",3517,112
1400000US08057955600,"Census Tract 9556, Jackson County, Colorado",1261,128
1400000US08059009806,"Census Tract 98.06, Jefferson County, Colorado",3867,249
1400000US08059009807,"Census Tract 98.07, Jefferson County, Colorado",1737,144
1400000US08059009808,"Census Tract 98.08, Jefferson County, Colorado",6024,362
1400000US08059009815,"Census Tract 98.15, Jefferson County, Colorado",5395,268
1400000US08059009823,"Census Tract 98.23, Jefferson County, Colorado",4829,308
1400000US08059009824,"Census Tract 98.24, Jefferson County, Colorado",4750,298
1400000US08059009827,"Census Tract 98.27, Jefferson County, Colorado",6218,375
1400000US08059009828,"Census Tract 98.28, Jefferson County, Colorado",5802,444
1400000US08059009829,"Census Tract 98.29, Jefferson County, Colorado",1841,92
1400000US08059009830,"Census Tract 98.30, Jefferson County, Colorado",2245,125
1400000US08059009831,"Census Tract 98.31, Jefferson County, Colorado",2624,239
1400000US08059009832,"Census Tract 98.32, Jefferson County, Colorado",2653,175
1400000US08059009833,"Census Tract 98.33, Jefferson County, Colorado",5506,455
1400000US08059009834,"Census Tract 98.34, Jefferson County, Colorado",4364,305
1400000US08059009835,"Census Tract 98.35, Jefferson County, Colorado",3739,250
1400000US08059009836,"Census Tract 98.36, Jefferson County, Colorado",4016,204
1400000US08059009837,"Census Tract 98.37, Jefferson County, Colorado",6533,394
1400000US08059009838,"Census Tract 98.38, Jefferson County, Colorado",4904,214
1400000US08059009839,"Census Tract 98.39, Jefferson County, Colorado",2379,116
1400000US08059009840,"Census Tract 98.40, Jefferson County, Colorado",3664,342
1400000US08059009841,"Census Tract 98.41, Jefferson County, Colorado",2202,141
1400000US08059009842,"Census Tract 98.42, Jefferson County, Colorado",3408,194
1400000US08059009843,"Census Tract 98.43, Jefferson County, Colorado",8439,437
1400000US08059009845,"Census Tract 98.45, Jefferson County, Colorado",4210,219
1400000US08059009846,"Census Tract 98.46, Jefferson County, Colorado",4733,292
1400000US08059009847,"Census Tract 98.47, Jefferson County, Colorado",3262,192
1400000US08059009848,"Census Tract 98.48, Jefferson County, Colorado",2629,290
1400000US08059009849,"Census Tract 98.49, Jefferson County, Colorado",5660,406
1400000US08059009850,"Census Tract 98.50, Jefferson County, Colorado",2540,137
1400000US08059009851,"Census Tract 98.51, Jefferson County, Colorado",3999,206
1400000US08059009852,"Census Tract 98.52, Jefferson County, Colorado",4038,226
1400000US08059009900,"Census Tract 99, Jefferson County, Colorado",2534,202
1400000US08059010000,"Census Tract 100, Jefferson County, Colorado",5469,375
1400000US08059010100,"Census Tract 101, Jefferson County, Colorado",5553,552
1400000US08059010205,"Census Tract 102.05, Jefferson County, Colorado",2423,120
1400000US08059010206,"Census Tract 102.06, Jefferson County, Colorado",3878,246
1400000US08059010208,"Census Tract 102.08, Jefferson County, Colorado",5743,353
1400000US08059010209,"Census Tract 102.09, Jefferson County, Colorado",6694,484
1400000US08059010210,"Census Tract 102.10, Jefferson County, Colorado",3662,188
1400000US08059010211,"Census Tract 102.11, Jefferson County, Colorado",3457,248
1400000US08059010212,"Census Tract 102.12, Jefferson County, Colorado",4130,387
1400000US08059010213,"Census Tract 102.13, Jefferson County, Colorado",4809,319
1400000US08059010303,"Census Tract 103.03, Jefferson County, Colorado",5562,428
1400000US08059010304,"Census Tract 103.04, Jefferson County, Colorado",2769,172
1400000US08059010305,"Census Tract 103.05, Jefferson County, Colorado",3640,316
1400000US08059010306,"Census Tract 103.06, Jefferson County, Colorado",2823,228
1400000US08059010307,"Census Tract 103.07, Jefferson County, Colorado",5110,416
1400000US08059010308,"Census Tract 103.08, Jefferson County, Colorado",5829,313
1400000US08059010402,"Census Tract 104.02, Jefferson County, Colorado",5411,450
1400000US08059010403,"Census Tract 104.03, Jefferson County, Colorado",5653,445
1400000US08059010405,"Census Tract 104.05, Jefferson County, Colorado",2749,193
1400000US08059010406,"Census Tract 104.06, Jefferson County, Colorado",2892,439
1400000US08059010502,"Census Tract 105.02, Jefferson County, Colorado",5092,289
1400000US08059010503,"Census Tract 105.03, Jefferson County, Colorado",4222,240
1400000US08059010504,"Census Tract 105.04, Jefferson County, Colorado",3016,191
1400000US08059010603,"Census Tract 106.03, Jefferson County, Colorado",3407,232
1400000US08059010604,"Census Tract 106.04, Jefferson County, Colorado",2435,246
1400000US08059010701,"Census Tract 107.01, Jefferson County, Colorado",4470,325
1400000US08059010702,"Census Tract 107.02, Jefferson County, Colorado",5249,418
1400000US08059010801,"Census Tract 108.01, Jefferson County, Colorado",2520,236
1400000US08059010901,"Census Tract 109.01, Jefferson County, Colorado",5293,430
1400000US08059010902,"Census Tract 109.02, Jefferson County, Colorado",2517,317
1400000US08059011000,"Census Tract 110, Jefferson County, Colorado",6290,514
1400000US08059011100,"Census Tract 111, Jefferson County, Colorado",6565,722
1400000US08059011202,"Census Tract 112.02, Jefferson County, Colorado",4920,304
1400000US08059011300,"Census Tract 113, Jefferson County, Colorado",3229,364
1400000US08059011401,"Census Tract 114.01, Jefferson County, Colorado",2460,337
1400000US08059011402,"Census Tract 114.02, Jefferson County, Colorado",4453,376
1400000US08059011550,"Census Tract 115.50, Jefferson County, Colorado",6491,564
1400000US08059011601,"Census Tract 116.01, Jefferson County, Colorado",3855,403
1400000US08059011602,"Census Tract 116.02, Jefferson County, Colorado",4409,426
1400000US08059011701,"Census Tract 117.01, Jefferson County, Colorado",4599,391
1400000US08059011702,"Census Tract 117.02, Jefferson County, Colorado",5693,482
1400000US08059011708,"Census Tract 117.08, Jefferson County, Colorado",4279,217
1400000US08059011709,"Census Tract 117.09, Jefferson County, Colorado",3633,245
1400000US08059011710,"Census Tract 117.10, Jefferson County, Colorado",3889,261
1400000US08059011711,"Census Tract 117.11, Jefferson County, Colorado",4349,344
1400000US08059011712,"Census Tract 117.12, Jefferson County, Colorado",4313,236
1400000US08059011720,"Census Tract 117.20, Jefferson County, Colorado",4843,246
1400000US08059011721,"Census Tract 117.21, Jefferson County, Colorado",2541,191
1400000US08059011723,"Census Tract 117.23, Jefferson County, Colorado",3418,229
1400000US08059011724,"Census Tract 117.24, Jefferson County, Colorado",6739,257
1400000US08059011725,"Census Tract 117.25, Jefferson County, Colorado",1844,145
1400000US08059011726,"Census Tract 117.26, Jefferson County, Colorado",6079,383
1400000US08059011727,"Census Tract 117.27, Jefferson County, Colorado",3538,183
1400000US08059011728,"Census Tract 117.28, Jefferson County, Colorado",2804,153
1400000US08059011729,"Census Tract 117.29, Jefferson County, Colorado",4207,468
1400000US08059011730,"Census Tract 117.30, Jefferson County, Colorado",3388,349
1400000US08059011731,"Census Tract 117.31, Jefferson County, Colorado",4317,317
1400000US08059011732,"Census Tract 117.32, Jefferson County, Colorado",4786,478
1400000US08059011733,"Census Tract 117.33, Jefferson County, Colorado",1727,211
1400000US08059011803,"Census Tract 118.03, Jefferson County, Colorado",5435,405
1400000US08059011804,"Census Tract 118.04, Jefferson County, Colorado",4491,376
1400000US08059011805,"Census Tract 118.05, Jefferson County, Colorado",5996,604
1400000US08059011806,"Census Tract 118.06, Jefferson County, Colorado",5360,481
1400000US08059011904,"Census Tract 119.04, Jefferson County, Colorado",2716,233
1400000US08059011951,"Census Tract 119.51, Jefferson County, Colorado",3409,191
1400000US08059012022,"Census Tract 120.22, Jefferson County, Colorado",5809,249
1400000US08059012023,"Census Tract 120.23, Jefferson County, Colorado",3545,188
1400000US08059012024,"Census Tract 120.24, Jefferson County, Colorado",5387,268
1400000US08059012026,"Census Tract 120.26, Jefferson County, Colorado",3347,320
1400000US08059012027,"Census Tract 120.27, Jefferson County, Colorado",3122,331
1400000US08059012030,"Census Tract 120.30, Jefferson County, Colorado",3867,275
1400000US08059012031,"Census Tract 120.31, Jefferson County, Colorado",4092,267
1400000US08059012032,"Census Tract 120.32, Jefferson County, Colorado",2734,146
1400000US08059012033,"Census Tract 120.33, Jefferson County, Colorado",2815,172
1400000US08059012034,"Census Tract 120.34, Jefferson County, Colorado",3710,246
1400000US08059012035,"Census Tract 120.35, Jefferson County, Colorado",5286,205
1400000US08059012036,"Census Tract 120.36, Jefferson County, Colorado",3986,230
1400000US08059012037,"Census Tract 120.37, Jefferson County, Colorado",3523,174
1400000US08059012038,"Census Tract 120.38, Jefferson County, Colorado",3910,244
1400000US08059012039,"Census Tract 120.39, Jefferson County, Colorado",5417,283
1400000US08059012041,"Census Tract 120.41, Jefferson County, Colorado",5885,273
1400000US08059012042,"Census Tract 120.42, Jefferson County, Colorado",3859,229
1400000US08059012043,"Census Tract 120.43, Jefferson County, Colorado",5766,302
1400000US08059012044,"Census Tract 120.44, Jefferson County, Colorado",4117,240
1400000US08059012045,"Census Tract 120.45, Jefferson County, Colorado",6185,325
1400000US08059012046,"Census Tract 120.46, Jefferson County, Colorado",2270,152
1400000US08059012047,"Census Tract 120.47, Jefferson County, Colorado",4435,297
1400000US08059012048,"Census Tract 120.48, Jefferson County, Colorado",2449,170
1400000US08059012049,"Census Tract 120.49, Jefferson County, Colorado",3921,190
1400000US08059012050,"Census Tract 120.50, Jefferson County, Colorado",4140,189
1400000US08059012051,"Census Tract 120.51, Jefferson County, Colorado",3658,153
1400000US08059012052,"Census Tract 120.52, Jefferson County, Colorado",5234,349
1400000US08059012053,"Census Tract 120.53, Jefferson County, Colorado",4010,276
1400000US08059012054,"Census Tract 120.54, Jefferson County, Colorado",3946,246
1400000US08059012055,"Census Tract 120.55, Jefferson County, Colorado",4037,208
1400000US08059012057,"Census Tract 120.57, Jefferson County, Colorado",5992,301
1400000US08059012058,"Census Tract 120.58, Jefferson County, Colorado",3853,352
1400000US08059012059,"Census Tract 120.59, Jefferson County, Colorado",3247,191
1400000US08059012060,"Census Tract 120.60, Jefferson County, Colorado",3355,168
1400000US08059015800,"Census Tract 158, Jefferson County, Colorado",4442,291
1400000US08059015900,"Census Tract 159, Jefferson County, Colorado",3686,331
1400000US08059060300,"Census Tract 603, Jefferson County, Colorado",4801,238
1400000US08059060400,"Census Tract 604, Jefferson County, Colorado",3613,198
1400000US08059060500,"Census Tract 605, Jefferson County, Colorado",7753,402
1400000US08059980000,"Census Tract 9800, Jefferson County, Colorado",0,12
1400000US08059980400,"Census Tract 9804, Jefferson County, Colorado",1308,318
1400000US08061960100,"Census Tract 9601, Kiowa County, Colorado",1489,128
1400000US08063962100,"Census Tract 9621, Kit Carson County, Colorado",4826,202
1400000US08063962200,"Census Tract 9622, Kit Carson County, Colorado",1540,168
1400000US08063962300,"Census Tract 9623, Kit Carson County, Colorado",1081,116
1400000US08065961700,"Census Tract 9617, Lake County, Colorado",5649,327
1400000US08065961900,"Census Tract 9619, Lake County, Colorado",2102,327
1400000US08067940300,"Census Tract 9403, La Plata County, Colorado",6378,456
1400000US08067940400,"Census Tract 9404, La Plata County, Colorado",5868,342
1400000US08067970600,"Census Tract 9706, La Plata County, Colorado",9621,783
1400000US08067970701,"Census Tract 9707.01, La Plata County, Colorado",4995,460
1400000US08067970703,"Census Tract 9707.03, La Plata County, Colorado",6047,541
1400000US08067970704,"Census Tract 9707.04, La Plata County, Colorado",3955,411
1400000US08067970800,"Census Tract 9708, La Plata County, Colorado",7187,558
1400000US08067970900,"Census Tract 9709, La Plata County, Colorado",4055,415
1400000US08067971000,"Census Tract 9710, La Plata County, Colorado",3297,312
1400000US08067971100,"Census Tract 9711, La Plata County, Colorado",4214,431
1400000US08069000100,"Census Tract 1, Larimer County, Colorado",2843,292
1400000US08069000201,"Census Tract 2.01, Larimer County, Colorado",2923,257
1400000US08069000202,"Census Tract 2.02, Larimer County, Colorado",2435,270
1400000US08069000300,"Census Tract 3, Larimer County, Colorado",2779,244
1400000US08069000401,"Census Tract 4.01, Larimer County, Colorado",1972,154
1400000US08069000402,"Census Tract 4.02, Larimer County, Colorado",2528,264
1400000US08069000503,"Census Tract 5.03, Larimer County, Colorado",6379,628
1400000US08069000504,"Census Tract 5.04, Larimer County, Colorado",2996,256
1400000US08069000505,"Census Tract 5.05, Larimer County, Colorado",3768,316
1400000US08069000506,"Census Tract 5.06, Larimer County, Colorado",3243,327
1400000US08069000600,"Census Tract 6, Larimer County, Colorado",6523,444
1400000US08069000700,"Census Tract 7, Larimer County, Colorado",2805,260
1400000US08069000801,"Census Tract 8.01, Larimer County, Colorado",1576,149
1400000US08069000802,"Census Tract 8.02, Larimer County, Colorado",1305,99
1400000US08069000901,"Census Tract 9.01, Larimer County, Colorado",6051,580
1400000US08069000902,"Census Tract 9.02, Larimer County, Colorado",3895,210
1400000US08069001003,"Census Tract 10.03, Larimer County, Colorado",5421,461
1400000US08069001004,"Census Tract 10.04, Larimer County, Colorado",3541,178
1400000US08069001007,"Census Tract 10.07, Larimer County, Colorado",3553,290
1400000US08069001008,"Census Tract 10.08, Larimer County, Colorado",1974,93
1400000US08069001009,"Census Tract 10.09, Larimer County, Colorado",6381,399
1400000US08069001010,"Census Tract 10.10, Larimer County, Colorado",2898,252
1400000US08069001104,"Census Tract 11.04, Larimer County, Colorado",6099,483
1400000US08069001106,"Census Tract 11.06, Larimer County, Colorado",4949,464
1400000US08069001107,"Census Tract 11.07, Larimer County, Colorado",5212,334
1400000US08069001109,"Census Tract 11.09, Larimer County, Colorado",5130,279
1400000US08069001110,"Census Tract 11.10, Larimer County, Colorado",5589,447
1400000US08069001111,"Census Tract 11.11, Larimer County, Colorado",2279,524
1400000US08069001112,"Census Tract 11.12, Larimer County, Colorado",4675,303
1400000US08069001113,"Census Tract 11.13, Larimer County, Colorado",3688,193
1400000US08069001114,"Census Tract 11.14, Larimer County, Colorado",2293,133
1400000US08069001301,"Census Tract 13.01, Larimer County, Colorado",3509,281
1400000US08069001304,"Census Tract 13.04, Larimer County, Colorado",2846,347
1400000US08069001305,"Census Tract 13.05, Larimer County, Colorado",2943,359
1400000US08069001306,"Census Tract 13.06, Larimer County, Colorado",3038,301
1400000US08069001307,"Census Tract 13.07, Larimer County, Colorado",4571,255
1400000US08069001308,"Census Tract 13.08, Larimer County, Colorado",5737,310
1400000US08069001601,"Census Tract 16.01, Larimer County, Colorado",1581,129
1400000US08069001602,"Census Tract 16.02, Larimer County, Colorado",5632,326
1400000US08069001603,"Census Tract 16.03, Larimer County, Colorado",5681,344
1400000US08069001605,"Census Tract 16.05, Larimer County, Colorado",6220,505
1400000US08069001606,"Census Tract 16.06, Larimer County, Colorado",3645,322
1400000US08069001607,"Census Tract 16.07, Larimer County, Colorado",3892,195
1400000US08069001608,"Census Tract 16.08, Larimer County, Colorado",6411,355
1400000US08069001704,"Census Tract 17.04, Larimer County, Colorado",9989,585
1400000US08069001706,"Census Tract 17.06, Larimer County, Colorado",7216,498
1400000US08069001707,"Census Tract 17.07, Larimer County, Colorado",5964,684
1400000US08069001708,"Census Tract 17.08, Larimer County, Colorado",4645,306
1400000US08069001709,"Census Tract 17.09, Larimer County, Colorado",17875,1037
1400000US08069001804,"Census Tract 18.04, Larimer County, Colorado",4018,250
1400000US08069001806,"Census Tract 18.06, Larimer County, Colorado",7824,541
1400000US08069001807,"Census Tract 18.07, Larimer County, Colorado",6186,442
1400000US08069001808,"Census Tract 18.08, Larimer County, Colorado",4665,300
1400000US08069001809,"Census Tract 18.09, Larimer County, Colorado",11434,371
1400000US08069001901,"Census Tract 19.01, Larimer County, Colorado",4437,282
1400000US08069001902,"Census Tract 19.02, Larimer County, Colorado",4455,350
1400000US08069001903,"Census Tract 19.03, Larimer County, Colorado",3595,433
1400000US08069002005,"Census Tract 20.05, Larimer County, Colorado",5523,344
1400000US08069002007,"Census Tract 20.07, Larimer County, Colorado",3681,330
1400000US08069002008,"Census Tract 20.08, Larimer County, Colorado",4194,254
1400000US08069002010,"Census Tract 20.10, Larimer County, Colorado",2565,167
1400000US08069002011,"Census Tract 20.11, Larimer County, Colorado",5188,357
1400000US08069002300,"Census Tract 23, Larimer County, Colorado",3513,328
1400000US08069002401,"Census Tract 24.01, Larimer County, Colorado",1352,255
1400000US08069002402,"Census Tract 24.02, Larimer County, Colorado",2700,248
1400000US08069002501,"Census Tract 25.01, Larimer County, Colorado",11250,655
1400000US08069002502,"Census Tract 25.02, Larimer County, Colorado",12151,882
1400000US08069002503,"Census Tract 25.03, Larimer County, Colorado",2666,220
1400000US08069002600,"Census Tract 26, Larimer County, Colorado",7794,436
1400000US08069002700,"Census Tract 27, Larimer County, Colorado",6321,383
1400000US08069002801,"Census Tract 28.01, Larimer County, Colorado",3507,385
1400000US08069002802,"Census Tract 28.02, Larimer County, Colorado",6616,473
1400000US08069002803,"Census Tract 28.03, Larimer County, Colorado",53,41
1400000US08071000100,"Census Tract 1, Las Animas County, Colorado",3521,277
1400000US08071000200,"Census Tract 2, Las Animas County, Colorado",2128,194
1400000US08071000300,"Census Tract 3, Las Animas County, Colorado",2073,193
1400000US08071000400,"Census Tract 4, Las Animas County, Colorado",2132,230
1400000US08071000500,"Census Tract 5, Las Animas County, Colorado",1863,162
1400000US08071000800,"Census Tract 8, Las Animas County, Colorado",2549,272
1400000US08073961700,"Census Tract 9617, Lincoln County, Colorado",3588,427
1400000US08073961800,"Census Tract 9618, Lincoln County, Colorado",1997,427
1400000US08075965900,"Census Tract 9659, Logan County, Colorado",1030,134
1400000US08075966000,"Census Tract 9660, Logan County, Colorado",2204,215
1400000US08075966100,"Census Tract 9661, Logan County, Colorado",7764,577
1400000US08075966200,"Census Tract 9662, Logan County, Colorado",4070,393
1400000US08075966300,"Census Tract 9663, Logan County, Colorado",5148,451
1400000US08075966400,"Census Tract 9664, Logan County, Colorado",2164,269
1400000US08077000200,"Census Tract 2, Mesa County, Colorado",2068,236
1400000US08077000300,"Census Tract 3, Mesa County, Colorado",1444,130
1400000US08077000400,"Census Tract 4, Mesa County, Colorado",3669,248
1400000US08077000500,"Census Tract 5, Mesa County, Colorado",3117,305
1400000US08077000601,"Census Tract 6.01, Mesa County, Colorado",4605,730
1400000US08077000602,"Census Tract 6.02, Mesa County, Colorado",4627,436
1400000US08077000700,"Census Tract 7, Mesa County, Colorado",4268,319
1400000US08077000800,"Census Tract 8, Mesa County, Colorado",9164,835
1400000US08077000900,"Census Tract 9, Mesa County, Colorado",3547,356
1400000US08077001001,"Census Tract 10.01, Mesa County, Colorado",5613,585
1400000US08077001002,"Census Tract 10.02, Mesa County, Colorado",6524,395
1400000US08077001101,"Census Tract 11.01, Mesa County, Colorado",8122,604
1400000US08077001102,"Census Tract 11.02, Mesa County, Colorado",4515,277
1400000US08077001200,"Census Tract 12, Mesa County, Colorado",2220,228
1400000US08077001301,"Census Tract 13.01, Mesa County, Colorado",8772,719
1400000US08077001302,"Census Tract 13.02, Mesa County, Colorado",5149,437
1400000US08077001402,"Census Tract 14.02, Mesa County, Colorado",5699,443
1400000US08077001403,"Census Tract 14.03, Mesa County, Colorado",3423,282
1400000US08077001404,"Census Tract 14.04, Mesa County, Colorado",5012,358
1400000US08077001501,"Census Tract 15.01, Mesa County, Colorado",13408,408
1400000US08077001502,"Census Tract 15.02, Mesa County, Colorado",7616,585
1400000US08077001600,"Census Tract 16, Mesa County, Colorado",3722,243
1400000US08077001702,"Census Tract 17.02, Mesa County, Colorado",4757,411
1400000US08077001703,"Census Tract 17.03, Mesa County, Colorado",4325,432
1400000US08077001705,"Census Tract 17.05, Mesa County, Colorado",5765,748
1400000US08077001706,"Census Tract 17.06, Mesa County, Colorado",6189,733
1400000US08077001707,"Census Tract 17.07, Mesa County, Colorado",5826,654
1400000US08077001800,"Census Tract 18, Mesa County, Colorado",3039,318
1400000US08077001900,"Census Tract 19, Mesa County, Colorado",5013,399
1400000US08079973600,"Census Tract 9736, Mineral County, Colorado",824,112
1400000US08081000300,"Census Tract 3, Moffat County, Colorado",2693,325
1400000US08081000400,"Census Tract 4, Moffat County, Colorado",4602,488
1400000US08081000500,"Census Tract 5, Moffat County, Colorado",4558,303
1400000US08081000600,"Census Tract 6, Moffat County, Colorado",1274,250
1400000US08083941100,"Census Tract 9411, Montezuma County, Colorado",1815,360
1400000US08083969000,"Census Tract 9690, Montezuma County, Colorado",3407,311
1400000US08083969100,"Census Tract 9691, Montezuma County, Colorado",3718,347
1400000US08083969200,"Census Tract 9692, Montezuma County, Colorado",2632,278
1400000US08083969300,"Census Tract 9693, Montezuma County, Colorado",5973,422
1400000US08083969400,"Census Tract 9694, Montezuma County, Colorado",3628,277
1400000US08083969600,"Census Tract 9696, Montezuma County, Colorado",4858,505
1400000US08085966100,"Census Tract 9661, Montrose County, Colorado",2239,225
1400000US08085966201,"Census Tract 9662.01, Montrose County, Colorado",2547,285
1400000US08085966202,"Census Tract 9662.02, Montrose County, Colorado",4211,424
1400000US08085966300,"Census Tract 9663, Montrose County, Colorado",5849,436
1400000US08085966400,"Census Tract 9664, Montrose County, Colorado",6513,476
1400000US08085966501,"Census Tract 9665.01, Montrose County, Colorado",3021,293
1400000US08085966502,"Census Tract 9665.02, Montrose County, Colorado",3737,297
1400000US08085966503,"Census Tract 9665.03, Montrose County, Colorado",3773,378
1400000US08085966601,"Census Tract 9666.01, Montrose County, Colorado",5155,378
1400000US08085966602,"Census Tract 9666.02, Montrose County, Colorado",4641,329
1400000US08087000100,"Census Tract 1, Morgan County, Colorado",2794,330
1400000US08087000200,"Census Tract 2, Morgan County, Colorado",2915,237
1400000US08087000300,"Census Tract 3, Morgan County, Colorado",1973,238
1400000US08087000400,"Census Tract 4, Morgan County, Colorado",3963,377
1400000US08087000500,"Census Tract 5, Morgan County, Colorado",2664,281
1400000US08087000600,"Census Tract 6, Morgan County, Colorado",6518,509
1400000US08087000700,"Census Tract 7, Morgan County, Colorado",5971,283
1400000US08087000800,"Census Tract 8, Morgan County, Colorado",1719,189
1400000US08089968000,"Census Tract 9680, Otero County, Colorado",1593,187
1400000US08089968100,"Census Tract 9681, Otero County, Colorado",2527,373
1400000US08089968200,"Census Tract 9682, Otero County, Colorado",2764,234
1400000US08089968300,"Census Tract 9683, Otero County, Colorado",4104,376
1400000US08089968400,"Census Tract 9684, Otero County, Colorado",1101,177
1400000US08089968500,"Census Tract 9685, Otero County, Colorado",1608,144
1400000US08089968600,"Census Tract 9686, Otero County, Colorado",4585,294
1400000US08091967600,"Census Tract 9676, Ouray County, Colorado",4796,*****
1400000US08093000100,"Census Tract 1, Park County, Colorado",7051,580
1400000US08093000200,"Census Tract 2, Park County, Colorado",3836,461
1400000US08093000300,"Census Tract 3, Park County, Colorado",2900,388
1400000US08093000400,"Census Tract 4, Park County, Colorado",1378,397
1400000US08093000500,"Census Tract 5, Park County, Colorado",2702,436
1400000US08095967600,"Census Tract 9676, Phillips County, Colorado",3050,107
1400000US08095967700,"Census Tract 9677, Phillips County, Colorado",1240,108
1400000US08097000100,"Census Tract 1, Pitkin County, Colorado",7440,481
1400000US08097000401,"Census Tract 4.01, Pitkin County, Colorado",4779,515
1400000US08097000402,"Census Tract 4.02, Pitkin County, Colorado",2926,440
1400000US08097000500,"Census Tract 5, Pitkin County, Colorado",2781,412
1400000US08099000100,"Census Tract 1, Prowers County, Colorado",1490,121
1400000US08099000200,"Census Tract 2, Prowers County, Colorado",2421,232
1400000US08099000300,"Census Tract 3, Prowers County, Colorado",4575,237
1400000US08099000600,"Census Tract 6, Prowers County, Colorado",1365,132
1400000US08099000700,"Census Tract 7, Prowers County, Colorado",2171,164
1400000US08101000100,"Census Tract 1, Pueblo County, Colorado",2576,263
1400000US08101000200,"Census Tract 2, Pueblo County, Colorado",2019,265
1400000US08101000300,"Census Tract 3, Pueblo County, Colorado",1838,215
1400000US08101000400,"Census Tract 4, Pueblo County, Colorado",2714,354
1400000US08101000500,"Census Tract 5, Pueblo County, Colorado",2062,180
1400000US08101000600,"Census Tract 6, Pueblo County, Colorado",1920,226
1400000US08101000800,"Census Tract 8, Pueblo County, Colorado",3130,247
1400000US08101000902,"Census Tract 9.02, Pueblo County, Colorado",6327,463
1400000US08101000903,"Census Tract 9.03, Pueblo County, Colorado",521,190
1400000US08101000904,"Census Tract 9.04, Pueblo County, Colorado",3999,377
1400000US08101000905,"Census Tract 9.05, Pueblo County, Colorado",2242,243
1400000US08101001000,"Census Tract 10, Pueblo County, Colorado",4761,482
1400000US08101001100,"Census Tract 11, Pueblo County, Colorado",2169,290
1400000US08101001200,"Census Tract 12, Pueblo County, Colorado",2267,228
1400000US08101001400,"Census Tract 14, Pueblo County, Colorado",1476,184
1400000US08101001500,"Census Tract 15, Pueblo County, Colorado",2362,215
1400000US08101001600,"Census Tract 16, Pueblo County, Colorado",1737,137
1400000US08101001700,"Census Tract 17, Pueblo County, Colorado",4880,431
1400000US08101001800,"Census Tract 18, Pueblo County, Colorado",2208,207
1400000US08101001900,"Census Tract 19, Pueblo County, Colorado",1624,195
1400000US08101002000,"Census Tract 20, Pueblo County, Colorado",3186,334
1400000US08101002100,"Census Tract 21, Pueblo County, Colorado",1394,201
1400000US08101002200,"Census Tract 22, Pueblo County, Colorado",1577,176
1400000US08101002300,"Census Tract 23, Pueblo County, Colorado",3985,424
1400000US08101002400,"Census Tract 24, Pueblo County, Colorado",1670,229
1400000US08101002500,"Census Tract 25, Pueblo County, Colorado",2633,253
1400000US08101002600,"Census Tract 26, Pueblo County, Colorado",4089,444
1400000US08101002700,"Census Tract 27, Pueblo County, Colorado",5328,638
1400000US08101002801,"Census Tract 28.01, Pueblo County, Colorado",5194,451
1400000US08101002802,"Census Tract 28.02, Pueblo County, Colorado",3596,303
1400000US08101002804,"Census Tract 28.04, Pueblo County, Colorado",4716,537
1400000US08101002806,"Census Tract 28.06, Pueblo County, Colorado",4236,428
1400000US08101002807,"Census Tract 28.07, Pueblo County, Colorado",4807,347
1400000US08101002808,"Census Tract 28.08, Pueblo County, Colorado",3326,332
1400000US08101002901,"Census Tract 29.01, Pueblo County, Colorado",2983,284
1400000US08101002903,"Census Tract 29.03, Pueblo County, Colorado",7952,530
1400000US08101002906,"Census Tract 29.06, Pueblo County, Colorado",4321,260
1400000US08101002911,"Census Tract 29.11, Pueblo County, Colorado",2894,168
1400000US08101002912,"Census Tract 29.12, Pueblo County, Colorado",1770,186
1400000US08101002913,"Census Tract 29.13, Pueblo County, Colorado",3224,174
1400000US08101002914,"Census Tract 29.14, Pueblo County, Colorado",3161,239
1400000US08101002915,"Census Tract 29.15, Pueblo County, Colorado",2693,180
1400000US08101002916,"Census Tract 29.16, Pueblo County, Colorado",3228,312
1400000US08101002917,"Census Tract 29.17, Pueblo County, Colorado",3128,201
1400000US08101002918,"Census Tract 29.18, Pueblo County, Colorado",7480,681
1400000US08101003001,"Census Tract 30.01, Pueblo County, Colorado",1448,221
1400000US08101003004,"Census Tract 30.04, Pueblo County, Colorado",2948,246
1400000US08101003103,"Census Tract 31.03, Pueblo County, Colorado",1863,167
1400000US08101003104,"Census Tract 31.04, Pueblo County, Colorado",2189,156
1400000US08101003105,"Census Tract 31.05, Pueblo County, Colorado",3446,184
1400000US08101003106,"Census Tract 31.06, Pueblo County, Colorado",1321,215
1400000US08101003200,"Census Tract 32, Pueblo County, Colorado",3354,396
1400000US08101003500,"Census Tract 35, Pueblo County, Colorado",1876,242
1400000US08101003600,"Census Tract 36, Pueblo County, Colorado",2134,213
1400000US08101980100,"Census Tract 9801, Pueblo County, Colorado",0,12
1400000US08103951100,"Census Tract 9511, Rio Blanco County, Colorado",3696,234
1400000US08103951200,"Census Tract 9512, Rio Blanco County, Colorado",2688,234
1400000US08105976700,"Census Tract 9767, Rio Grande County, Colorado",5079,322
1400000US08105976800,"Census Tract 9768, Rio Grande County, Colorado",1805,248
1400000US08105977000,"Census Tract 9770, Rio Grande County, Colorado",4421,346
1400000US08107000100,"Census Tract 1, Routt County, Colorado",1988,331
1400000US08107000200,"Census Tract 2, Routt County, Colorado",2293,271
1400000US08107000300,"Census Tract 3, Routt County, Colorado",2323,330
1400000US08107000400,"Census Tract 4, Routt County, Colorado",3949,401
1400000US08107000500,"Census Tract 5, Routt County, Colorado",4488,506
1400000US08107000600,"Census Tract 6, Routt County, Colorado",3017,353
1400000US08107000700,"Census Tract 7, Routt County, Colorado",4919,580
1400000US08107000800,"Census Tract 8, Routt County, Colorado",2095,285
1400000US08109977600,"Census Tract 9776, Saguache County, Colorado",3368,211
1400000US08109977700,"Census Tract 9777, Saguache County, Colorado",3224,211
1400000US08111972600,"Census Tract 9726, San Juan County, Colorado",589,102
1400000US08113968101,"Census Tract 9681.01, San Miguel County, Colorado",1965,229
1400000US08113968102,"Census Tract 9681.02, San Miguel County, Colorado",2107,193
1400000US08113968103,"Census Tract 9681.03, San Miguel County, Colorado",2140,217
1400000US08113968200,"Census Tract 9682, San Miguel County, Colorado",1837,213
1400000US08115968300,"Census Tract 9683, Sedgwick County, Colorado",2322,*****
1400000US08117000100,"Census Tract 1, Summit County, Colorado",8332,813
1400000US08117000200,"Census Tract 2, Summit County, Colorado",7665,830
1400000US08117000300,"Census Tract 3, Summit County, Colorado",4483,484
1400000US08117000401,"Census Tract 4.01, Summit County, Colorado",4144,616
1400000US08117000402,"Census Tract 4.02, Summit County, Colorado",6025,797
1400000US08119010103,"Census Tract 101.03, Teller County, Colorado",8064,363
1400000US08119010104,"Census Tract 101.04, Teller County, Colorado",2193,219
1400000US08119010105,"Census Tract 101.05, Teller County, Colorado",6515,558
1400000US08119010106,"Census Tract 101.06, Teller County, Colorado",4874,509
1400000US08119010201,"Census Tract 102.01, Teller County, Colorado",2312,263
1400000US08119010202,"Census Tract 102.02, Teller County, Colorado",566,114
1400000US08121924100,"Census Tract 9241, Washington County, Colorado",2043,113
1400000US08121924200,"Census Tract 9242, Washington County, Colorado",2825,112
1400000US08123000100,"Census Tract 1, Weld County, Colorado",2789,258
1400000US08123000200,"Census Tract 2, Weld County, Colorado",3861,421
1400000US08123000300,"Census Tract 3, Weld County, Colorado",2323,284
1400000US08123000401,"Census Tract 4.01, Weld County, Colorado",3560,348
1400000US08123000402,"Census Tract 4.02, Weld County, Colorado",3969,386
1400000US08123000501,"Census Tract 5.01, Weld County, Colorado",3534,383
1400000US08123000502,"Census Tract 5.02, Weld County, Colorado",3684,479
1400000US08123000600,"Census Tract 6, Weld County, Colorado",2268,319
1400000US08123000701,"Census Tract 7.01, Weld County, Colorado",1653,193
1400000US08123000703,"Census Tract 7.03, Weld County, Colorado",6713,540
1400000US08123000704,"Census Tract 7.04, Weld County, Colorado",1112,134
1400000US08123000705,"Census Tract 7.05, Weld County, Colorado",1663,172
1400000US08123000800,"Census Tract 8, Weld County, Colorado",3189,411
1400000US08123000900,"Census Tract 9, Weld County, Colorado",3575,357
1400000US08123001003,"Census Tract 10.03, Weld County, Colorado",4616,359
1400000US08123001004,"Census Tract 10.04, Weld County, Colorado",4292,390
1400000US08123001005,"Census Tract 10.05, Weld County, Colorado",7495,463
1400000US08123001006,"Census Tract 10.06, Weld County, Colorado",4892,327
1400000US08123001100,"Census Tract 11, Weld County, Colorado",4859,376
1400000US08123001201,"Census Tract 12.01, Weld County, Colorado",4419,330
1400000US08123001202,"Census Tract 12.02, Weld County, Colorado",2833,257
1400000US08123001300,"Census Tract 13, Weld County, Colorado",7162,883
1400000US08123001404,"Census Tract 14.04, Weld County, Colorado",3178,268
1400000US08123001405,"Census Tract 14.05, Weld County, Colorado",4782,331
1400000US08123001406,"Census Tract 14.06, Weld County, Colorado",6065,504
1400000US08123001407,"Census Tract 14.07, Weld County, Colorado",3506,207
1400000US08123001408,"Census Tract 14.08, Weld County, Colorado",1924,186
1400000US08123001409,"Census Tract 14.09, Weld County, Colorado",3522,304
1400000US08123001410,"Census Tract 14.10, Weld County, Colorado",3505,352
1400000US08123001411,"Census Tract 14.11, Weld County, Colorado",2615,256
1400000US08123001412,"Census Tract 14.12, Weld County, Colorado",3147,251
1400000US08123001413,"Census Tract 14.13, Weld County, Colorado",2716,351
1400000US08123001414,"Census Tract 14.14, Weld County, Colorado",2339,117
1400000US08123001415,"Census Tract 14.15, Weld County, Colorado",3638,281
1400000US08123001416,"Census Tract 14.16, Weld County, Colorado",2837,147
1400000US08123001417,"Census Tract 14.17, Weld County, Colorado",3000,198
1400000US08123001500,"Census Tract 15, Weld County, Colorado",7357,419
1400000US08123001600,"Census Tract 16, Weld County, Colorado",4552,310
1400000US08123001700,"Census Tract 17, Weld County, Colorado",5460,336
1400000US08123001800,"Census Tract 18, Weld County, Colorado",4678,429
1400000US08123001902,"Census Tract 19.02, Weld County, Colorado",8270,517
1400000US08123001905,"Census Tract 19.05, Weld County, Colorado",4655,309
1400000US08123001906,"Census Tract 19.06, Weld County, Colorado",1716,333
1400000US08123001907,"Census Tract 19.07, Weld County, Colorado",2965,320
1400000US08123001908,"Census Tract 19.08, Weld County, Colorado",2901,330
1400000US08123002004,"Census Tract 20.04, Weld County, Colorado",4528,128
1400000US08123002005,"Census Tract 20.05, Weld County, Colorado",1158,133
1400000US08123002006,"Census Tract 20.06, Weld County, Colorado",288,120
1400000US08123002007,"Census Tract 20.07, Weld County, Colorado",6611,244
1400000US08123002008,"Census Tract 20.08, Weld County, Colorado",5434,270
1400000US08123002009,"Census Tract 20.09, Weld County, Colorado",2859,237
1400000US08123002010,"Census Tract 20.10, Weld County, Colorado",2666,285
1400000US08123002011,"Census Tract 20.11, Weld County, Colorado",1605,245
1400000US08123002012,"Census Tract 20.12, Weld County, Colorado",1263,74
1400000US08123002013,"Census Tract 20.13, Weld County, Colorado",3255,197
1400000US08123002014,"Census Tract 20.14, Weld County, Colorado",2172,183
1400000US08123002015,"Census Tract 20.15, Weld County, Colorado",1308,93
1400000US08123002016,"Census Tract 20.16, Weld County, Colorado",3222,329
1400000US08123002017,"Census Tract 20.17, Weld County, Colorado",683,91
1400000US08123002018,"Census Tract 20.18, Weld County, Colorado",1856,158
1400000US08123002019,"Census Tract 20.19, Weld County, Colorado",5860,301
1400000US08123002020,"Census Tract 20.20, Weld County, Colorado",6041,315
1400000US08123002021,"Census Tract 20.21, Weld County, Colorado",738,156
1400000US08123002101,"Census Tract 21.01, Weld County, Colorado",10099,728
1400000US08123002102,"Census Tract 21.02, Weld County, Colorado",13140,203
1400000US08123002103,"Census Tract 21.03, Weld County, Colorado",10665,831
1400000US08123002203,"Census Tract 22.03, Weld County, Colorado",2861,261
1400000US08123002204,"Census Tract 22.04, Weld County, Colorado",1998,136
1400000US08123002205,"Census Tract 22.05, Weld County, Colorado",4954,250
1400000US08123002206,"Census Tract 22.06, Weld County, Colorado",3647,239
1400000US08123002207,"Census Tract 22.07, Weld County, Colorado",3530,206
1400000US08123002208,"Census Tract 22.08, Weld County, Colorado",6576,291
1400000US08123002209,"Census Tract 22.09, Weld County, Colorado",2622,205
1400000US08123002210,"Census Tract 22.10, Weld County, Colorado",1064,78
1400000US08123002300,"Census Tract 23, Weld County, Colorado",5586,425
1400000US08123002501,"Census Tract 25.01, Weld County, Colorado",5535,434
1400000US08123002502,"Census Tract 25.02, Weld County, Colorado",7732,665
1400000US08125963100,"Census Tract 9631, Yuma County, Colorado",4422,285
1400000US08125963200,"Census Tract 9632, Yuma County, Colorado",5581,285
